5,76.53,76.53,76.15,75.39,75.51
6,76.53,76.15,75.39,75.51,76.67
7,76.15,75.39,75.51,76.67,78.55
8,75.39,75.51,76.67,78.55,79.96
9,75.51,76.67,78.55,79.96,79.71
10,76.67,78.55,79.96,79.71,78.3
11,78.55,79.96,79.71,78.3,77.02
12,79.96,79.71,78.3,77.02,76.62
13,79.71,78.3,77.02,76.62,76.53
14,78.3,77.02,76.62,76.53,76.65
15,77.02,76.62,76.53,76.65,76.95
16,76.62,76.53,76.65,76.95,78.46
17,76.53,76.65,76.95,78.46,80.15
18,76.65,76.95,78.46,80.15,80.76
19,76.95,78.46,80.15,80.76,80.61
20,78.46,80.15,80.76,80.61,79.24
21,80.15,80.76,80.61,79.24,77.58
22,80.76,80.61,79.24,77.58,76.52
23,80.61,79.24,77.58,76.52,76.97
24,79.24,77.58,76.52,76.97,78.8
25,77.58,76.52,76.97,78.8,80.2
26,76.52,76.97,78.8,80.2,80.83
27,76.97,78.8,80.2,80.83,81.29
28,78.8,80.2,80.83,81.29,81.09
29,80.2,80.83,81.29,81.09,79.51
30,80.83,81.29,81.09,79.51,77.26
31,81.29,81.09,79.51,77.26,75.96
32,81.09,79.51,77.26,75.96,76.39
33,79.51,77.26,75.96,76.39,78.18
34,77.26,75.96,76.39,78.18,79.72
35,75.96,76.39,78.18,79.72,80.29
36,76.39,78.18,79.72,80.29,80.79
37,78.18,79.72,80.29,80.79,79.82
38,79.72,80.29,80.79,79.82,78.21
39,80.29,80.79,79.82,78.21,77.59
40,80.79,79.82,78.21,77.59,77.17
41,79.82,78.21,77.59,77.17,77.27
42,78.21,77.59,77.17,77.27,78.65
43,77.59,77.17,77.27,78.65,79.2
44,77.17,77.27,78.65,79.2,78.55
45,77.27,78.65,79.2,78.55,79.34
46,78.65,79.2,78.55,79.34,79.65
47,79.2,78.55,79.34,79.65,78.67
48,78.55,79.34,79.65,78.67,77.39
49,79.34,79.65,78.67,77.39,76.76
50,79.65,78.67,77.39,76.76,77.2
51,78.67,77.39,76.76,77.2,79.47
52,77.39,76.76,77.2,79.47,81.28
53,76.76,77.2,79.47,81.28,80.8
54,77.2,79.47,81.28,80.8,79.96
55,79.47,81.28,80.8,79.96,78.48
56,81.28,80.8,79.96,78.48,76.86
57,80.8,79.96,78.48,76.86,77.31
58,79.96,78.48,76.86,77.31,79.17
59,78.48,76.86,77.31,79.17,80.7
60,76.86,77.31,79.17,80.7,80.68
61,77.31,79.17,80.7,80.68,79.51
62,79.17,80.7,80.68,79.51,78.86
63,80.7,80.68,79.51,78.86,77.96
64,80.68,79.51,78.86,77.96,77.2
65,79.51,78.86,77.96,77.2,76.77
66,78.86,77.96,77.2,76.77,76.86
67,77.96,77.2,76.77,76.86,77.3
68,77.2,76.77,76.86,77.3,77.57
69,76.77,76.86,77.3,77.57,79.43
70,76.86,77.3,77.57,79.43,81.72
71,77.3,77.57,79.43,81.72,82.13
72,77.57,79.43,81.72,82.13,82.15
73,79.43,81.72,82.13,82.15,82.3
74,81.72,82.13,82.15,82.3,82.11
75,82.13,82.15,82.3,82.11,81.77
76,82.15,82.3,82.11,81.77,81.55
77,82.3,82.11,81.77,81.55,81.52
78,82.11,81.77,81.55,81.52,82.16
79,81.77,81.55,81.52,82.16,83.3
80,81.55,81.52,82.16,83.3,84.22
81,81.52,82.16,83.3,84.22,83.98
82,82.16,83.3,84.22,83.98,82.47
83,83.3,84.22,83.98,82.47,80.97
84,84.22,83.98,82.47,80.97,79.43
85,83.98,82.47,80.97,79.43,78.16
86,82.47,80.97,79.43,78.16,77.75
87,80.97,79.43,78.16,77.75,80.3
88,79.43,78.16,77.75,80.3,82.59
89,78.16,77.75,80.3,82.59,82
90,77.75,80.3,82.59,82,80.95
91,80.3,82.59,82,80.95,79.12
92,82.59,82,80.95,79.12,77.56
93,82,80.95,79.12,77.56,77.81
94,80.95,79.12,77.56,77.81,79.27
95,79.12,77.56,77.81,79.27,80.58
96,77.56,77.81,79.27,80.58,81.57
97,77.81,79.27,80.58,81.57,82.25
98,79.27,80.58,81.57,82.25,82.66
99,80.58,81.57,82.25,82.66,82.6
100,81.57,82.25,82.66,82.6,81
101,82.25,82.66,82.6,81,78.94
102,82.66,82.6,81,78.94,77.81
103,82.6,81,78.94,77.81,78.68
104,81,78.94,77.81,78.68,80.9
105,78.94,77.81,78.68,80.9,82.32
106,77.81,78.68,80.9,82.32,82.38
107,78.68,80.9,82.32,82.38,81.22
108,80.9,82.32,82.38,81.22,79.13
109,82.32,82.38,81.22,79.13,76.62
110,82.38,81.22,79.13,76.62,75.05
111,81.22,79.13,76.62,75.05,74.42
112,79.13,76.62,75.05,74.42,75.61
113,76.62,75.05,74.42,75.61,78.37
114,75.05,74.42,75.61,78.37,80.64
115,74.42,75.61,78.37,80.64,81.28
116,75.61,78.37,80.64,81.28,80.85
117,78.37,80.64,81.28,80.85,80.42
118,80.64,81.28,80.85,80.42,79.88
119,81.28,80.85,80.42,79.88,79.25
120,80.85,80.42,79.88,79.25,79.37
121,80.42,79.88,79.25,79.37,80.56
122,79.88,79.25,79.37,80.56,82.05
123,79.25,79.37,80.56,82.05,81.7
124,79.37,80.56,82.05,81.7,81.15
125,80.56,82.05,81.7,81.15,81.86
126,82.05,81.7,81.15,81.86,80.72
127,81.7,81.15,81.86,80.72,78.87
128,81.15,81.86,80.72,78.87,78.17
129,81.86,80.72,78.87,78.17,79.96
130,80.72,78.87,78.17,79.96,82.24
131,78.87,78.17,79.96,82.24,82.66
132,78.17,79.96,82.24,82.66,82.61
133,79.96,82.24,82.66,82.61,80.53
134,82.24,82.66,82.61,80.53,77.68
135,82.66,82.61,80.53,77.68,76.05
136,82.61,80.53,77.68,76.05,76.67
137,80.53,77.68,76.05,76.67,79.1
138,77.68,76.05,76.67,79.1,80.44
139,76.05,76.67,79.1,80.44,80.53
140,76.67,79.1,80.44,80.53,80.23
141,79.1,80.44,80.53,80.23,78.69
142,80.44,80.53,80.23,78.69,77.32
143,80.53,80.23,78.69,77.32,77.32
144,80.23,78.69,77.32,77.32,79.32
145,78.69,77.32,77.32,79.32,81.42
146,77.32,77.32,79.32,81.42,81.51
147,77.32,79.32,81.42,81.51,80.22
148,79.32,81.42,81.51,80.22,78.95
149,81.42,81.51,80.22,78.95,78.95
150,81.51,80.22,78.95,78.95,78.16
151,80.22,78.95,78.95,78.16,78.22
152,78.95,78.95,78.16,78.22,80.29
153,78.95,78.16,78.22,80.29,80.11
154,78.16,78.22,80.29,80.11,78.04
155,78.22,80.29,80.11,78.04,76.57
156,80.29,80.11,78.04,76.57,76.41
157,80.11,78.04,76.57,76.41,77.47
158,78.04,76.57,76.41,77.47,78.63
159,76.57,76.41,77.47,78.63,80.19
160,76.41,77.47,78.63,80.19,81.34
161,77.47,78.63,80.19,81.34,81.81
162,78.63,80.19,81.34,81.81,79.38
163,80.19,81.34,81.81,79.38,76.47
164,81.34,81.81,79.38,76.47,76.73
165,81.81,79.38,76.47,76.73,77.6
166,79.38,76.47,76.73,77.6,78.24
167,76.47,76.73,77.6,78.24,79.84
168,76.73,77.6,78.24,79.84,79.94
169,77.6,78.24,79.84,79.94,78.67
170,78.24,79.84,79.94,78.67,81.17
171,79.84,79.94,78.67,81.17,83
172,79.94,78.67,81.17,83,82.07
173,78.67,81.17,83,82.07,82.64
174,81.17,83,82.07,82.64,83.7
175,83,82.07,82.64,83.7,83.43
176,82.07,82.64,83.7,83.43,81.5
177,82.64,83.7,83.43,81.5,79.3
178,83.7,83.43,81.5,79.3,79.13
179,83.43,81.5,79.3,79.13,81.6
180,81.5,79.3,79.13,81.6,83.33
181,79.3,79.13,81.6,83.33,83.66
182,79.13,81.6,83.33,83.66,84.33
183,81.6,83.33,83.66,84.33,84.01
184,83.33,83.66,84.33,84.01,82.4
185,83.66,84.33,84.01,82.4,80.79
186,84.33,84.01,82.4,80.79,79.75
187,84.01,82.4,80.79,79.75,80.82
188,82.4,80.79,79.75,80.82,83.08
189,80.79,79.75,80.82,83.08,82.92
190,79.75,80.82,83.08,82.92,81.97
191,80.82,83.08,82.92,81.97,81.6
192,83.08,82.92,81.97,81.6,80.09
193,82.92,81.97,81.6,80.09,79.56
194,81.97,81.6,80.09,79.56,80.51
195,81.6,80.09,79.56,80.51,81.19
196,80.09,79.56,80.51,81.19,82.57
197,79.56,80.51,81.19,82.57,83.19
198,80.51,81.19,82.57,83.19,81.28
199,81.19,82.57,83.19,81.28,79.1
200,82.57,83.19,81.28,79.1,78.57
201,83.19,81.28,79.1,78.57,79.48
202,81.28,79.1,78.57,79.48,80.04
203,79.1,78.57,79.48,80.04,79.96
204,78.57,79.48,80.04,79.96,80.34
205,79.48,80.04,79.96,80.34,80.82
206,80.04,79.96,80.34,80.82,81.04
207,79.96,80.34,80.82,81.04,81.08
208,80.34,80.82,81.04,81.08,80.9
209,80.82,81.04,81.08,80.9,80.3
210,81.04,81.08,80.9,80.3,79.21
211,81.08,80.9,80.3,79.21,78.53
212,80.9,80.3,79.21,78.53,78.85
213,80.3,79.21,78.53,78.85,79.91
214,79.21,78.53,78.85,79.91,81.37
215,78.53,78.85,79.91,81.37,82.59
216,78.85,79.91,81.37,82.59,83.68
217,79.91,81.37,82.59,83.68,83.83
218,81.37,82.59,83.68,83.83,82.59
219,82.59,83.68,83.83,82.59,81
220,83.68,83.83,82.59,81,78.97
221,83.83,82.59,81,78.97,78.79
222,82.59,81,78.97,78.79,81.14
223,81,78.97,78.79,81.14,82.19
224,78.97,78.79,81.14,82.19,81.73
225,78.79,81.14,82.19,81.73,81.23
226,81.14,82.19,81.73,81.23,79.95
227,82.19,81.73,81.23,79.95,79.29
228,81.73,81.23,79.95,79.29,79.93
229,81.23,79.95,79.29,79.93,80.44
230,79.95,79.29,79.93,80.44,81.13
231,79.29,79.93,80.44,81.13,82.06
232,79.93,80.44,81.13,82.06,82.92
233,80.44,81.13,82.06,82.92,83.03
234,81.13,82.06,82.92,83.03,82.58
235,82.06,82.92,83.03,82.58,82.42
236,82.92,83.03,82.58,82.42,82.08
237,83.03,82.58,82.42,82.08,81.23
238,82.58,82.42,82.08,81.23,79.62
239,82.42,82.08,81.23,79.62,79.65
240,82.08,81.23,79.62,79.65,80.96
241,81.23,79.62,79.65,80.96,80.69
242,79.62,79.65,80.96,80.69,81.42
243,79.65,80.96,80.69,81.42,82.68
244,80.96,80.69,81.42,82.68,82.12
245,80.69,81.42,82.68,82.12,82.3
246,81.42,82.68,82.12,82.3,82.28
247,82.68,82.12,82.3,82.28,80.21
248,82.12,82.3,82.28,80.21,79.52
249,82.3,82.28,80.21,79.52,79.89
250,82.28,80.21,79.52,79.89,79.32
251,80.21,79.52,79.89,79.32,81.1
252,79.52,79.89,79.32,81.1,83.42
253,79.89,79.32,81.1,83.42,83.46
254,79.32,81.1,83.42,83.46,83.33
255,81.1,83.42,83.46,83.33,82.19
256,83.42,83.46,83.33,82.19,80.13
257,83.46,83.33,82.19,80.13,78.07
258,83.33,82.19,80.13,78.07,78.19
259,82.19,80.13,78.07,78.19,80.71
260,80.13,78.07,78.19,80.71,81.74
261,78.07,78.19,80.71,81.74,81.03
262,78.19,80.71,81.74,81.03,80.02
263,80.71,81.74,81.03,80.02,77.44
264,81.74,81.03,80.02,77.44,74.45
265,81.03,80.02,77.44,74.45,72.47
266,80.02,77.44,74.45,72.47,74.57
267,77.44,74.45,72.47,74.57,78.54
268,74.45,72.47,74.57,78.54,79.37
269,72.47,74.57,78.54,79.37,80.02
270,74.57,78.54,79.37,80.02,80.4
271,78.54,79.37,80.02,80.4,78.92
272,79.37,80.02,80.4,78.92,76.71
273,80.02,80.4,78.92,76.71,75.63
274,80.4,78.92,76.71,75.63,77.26
275,78.92,76.71,75.63,77.26,79.34
276,76.71,75.63,77.26,79.34,80.15
277,75.63,77.26,79.34,80.15,81.71
278,77.26,79.34,80.15,81.71,83.03
279,79.34,80.15,81.71,83.03,83.55
280,80.15,81.71,83.03,83.55,84.81
281,81.71,83.03,83.55,84.81,86.34
282,83.03,83.55,84.81,86.34,86.86
283,83.55,84.81,86.34,86.86,86.41
284,84.81,86.34,86.86,86.41,85.17
285,86.34,86.86,86.41,85.17,83.82
286,86.86,86.41,85.17,83.82,83.21
287,86.41,85.17,83.82,83.21,83.43
288,85.17,83.82,83.21,83.43,83.62
289,83.82,83.21,83.43,83.62,83.02
290,83.21,83.43,83.62,83.02,81.84
291,83.43,83.62,83.02,81.84,80
292,83.62,83.02,81.84,80,78.47
293,83.02,81.84,80,78.47,77.47
294,81.84,80,78.47,77.47,76.34
295,80,78.47,77.47,76.34,75.86
296,78.47,77.47,76.34,75.86,77.46
297,77.47,76.34,75.86,77.46,78.81
298,76.34,75.86,77.46,78.81,77.76
299,75.86,77.46,78.81,77.76,77.76
300,77.46,78.81,77.76,77.76,77.76
301,78.81,77.76,77.76,77.76,77.76
302,77.76,77.76,77.76,77.76,77.82
303,77.76,77.76,77.76,77.82,80.56
304,77.76,77.76,77.82,80.56,82.71
305,77.76,77.82,80.56,82.71,84.35
306,77.82,80.56,82.71,84.35,85.51
307,80.56,82.71,84.35,85.51,86.92
308,82.71,84.35,85.51,86.92,88.76
309,84.35,85.51,86.92,88.76,89.46
310,85.51,86.92,88.76,89.46,88.7
311,86.92,88.76,89.46,88.7,87.75
312,88.76,89.46,88.7,87.75,85.85
313,89.46,88.7,87.75,85.85,84.26
314,88.7,87.75,85.85,84.26,83.97
315,87.75,85.85,84.26,83.97,84.56
316,85.85,84.26,83.97,84.56,84.45
317,84.26,83.97,84.56,84.45,82.38
318,83.97,84.56,84.45,82.38,77.86
319,84.56,84.45,82.38,77.86,74.63
320,84.45,82.38,77.86,74.63,74.63
321,82.38,77.86,74.63,74.63,75.38
322,77.86,74.63,74.63,75.38,75.59
323,74.63,74.63,75.38,75.59,74.28
324,74.63,75.38,75.59,74.28,73.39
325,75.38,75.59,74.28,73.39,73.1
326,75.59,74.28,73.39,73.1,72.36
327,74.28,73.39,73.1,72.36,73.69
328,73.39,73.1,72.36,73.69,77.7
329,73.1,72.36,73.69,77.7,77.82
330,72.36,73.69,77.7,77.82,77.02
331,73.69,77.7,77.82,77.02,80.08
332,77.7,77.82,77.02,80.08,82.82
333,77.82,77.02,80.08,82.82,83.28
334,77.02,80.08,82.82,83.28,82.4
335,80.08,82.82,83.28,82.4,81.06
336,82.82,83.28,82.4,81.06,80.68
337,83.28,82.4,81.06,80.68,81.53
338,82.4,81.06,80.68,81.53,81.49
339,81.06,80.68,81.53,81.49,81.75
340,80.68,81.53,81.49,81.75,83.02
341,81.53,81.49,81.75,83.02,84.42
342,81.49,81.75,83.02,84.42,83.85
343,81.75,83.02,84.42,83.85,81.65
344,83.02,84.42,83.85,81.65,79.88
345,84.42,83.85,81.65,79.88,80.77
346,83.85,81.65,79.88,80.77,83.05
347,81.65,79.88,80.77,83.05,83.19
348,79.88,80.77,83.05,83.19,81.53
349,80.77,83.05,83.19,81.53,79.1
350,83.05,83.19,81.53,79.1,76.51
351,83.19,81.53,79.1,76.51,74.44
352,81.53,79.1,76.51,74.44,73.58
353,79.1,76.51,74.44,73.58,72.53
354,76.51,74.44,73.58,72.53,72.01
355,74.44,73.58,72.53,72.01,72.54
356,73.58,72.53,72.01,72.54,72.54
357,72.53,72.01,72.54,72.54,72.54
358,72.01,72.54,72.54,72.54,65.68
359,72.54,72.54,72.54,65.68,65.68
360,72.54,72.54,65.68,65.68,58.15
361,72.54,65.68,65.68,58.15,58.86
362,65.68,65.68,58.15,58.86,59.92
363,65.68,58.15,58.86,59.92,61.97
364,58.15,58.86,59.92,61.97,65.06
365,58.86,59.92,61.97,65.06,67.39
366,59.92,61.97,65.06,67.39,68.46
367,61.97,65.06,67.39,68.46,70.19
368,65.06,67.39,68.46,70.19,72.85
369,67.39,68.46,70.19,72.85,77.38
370,68.46,70.19,72.85,77.38,81.16
371,70.19,72.85,77.38,81.16,81.96
372,72.85,77.38,81.16,81.96,82.56
373,77.38,81.16,81.96,82.56,82.48
374,81.16,81.96,82.56,82.48,82.58
375,81.96,82.56,82.48,82.58,83.91
376,82.56,82.48,82.58,83.91,85.22
377,82.48,82.58,83.91,85.22,84.23
378,82.58,83.91,85.22,84.23,81.7
379,83.91,85.22,84.23,81.7,80.65
380,85.22,84.23,81.7,80.65,81.18
381,84.23,81.7,80.65,81.18,81.65
382,81.7,80.65,81.18,81.65,79.25
383,80.65,81.18,81.65,79.25,77.16
384,81.18,81.65,79.25,77.16,77.52
385,81.65,79.25,77.16,77.52,76.89
386,79.25,77.16,77.52,76.89,76.33
387,77.16,77.52,76.89,76.33,76.72
388,77.52,76.89,76.33,76.72,79.02
389,76.89,76.33,76.72,79.02,81.32
390,76.33,76.72,79.02,81.32,81.52
391,76.72,79.02,81.32,81.52,81.1
392,79.02,81.32,81.52,81.1,79.39
393,81.32,81.52,81.1,79.39,76.75
394,81.52,81.1,79.39,76.75,73.78
395,81.1,79.39,76.75,73.78,71.72
396,79.39,76.75,73.78,71.72,70.36
397,76.75,73.78,71.72,70.36,71.27
398,73.78,71.72,70.36,71.27,75.01
399,71.72,70.36,71.27,75.01,74.53
400,70.36,71.27,75.01,74.53,71.78
401,71.27,75.01,74.53,71.78,70.92
402,75.01,74.53,71.78,70.92,69.55
403,74.53,71.78,70.92,69.55,67.97
404,71.78,70.92,69.55,67.97,67.86
405,70.92,69.55,67.97,67.86,68.63
406,69.55,67.97,67.86,68.63,68.81
407,67.97,67.86,68.63,68.81,68.81
408,67.86,68.63,68.81,68.81,68.81
409,68.63,68.81,68.81,68.81,68.98
410,68.81,68.81,68.81,68.98,69.3
411,68.81,68.81,68.98,69.3,69.71
412,68.81,68.98,69.3,69.71,70.02
413,68.98,69.3,69.71,70.02,69.91
414,69.3,69.71,70.02,69.91,69.83
415,69.71,70.02,69.91,69.83,69.99
416,70.02,69.91,69.83,69.99,70.31
417,69.91,69.83,69.99,70.31,70.64
418,69.83,69.99,70.31,70.64,70.59
419,69.99,70.31,70.64,70.59,70.3
420,70.31,70.64,70.59,70.3,69.8
421,70.64,70.59,70.3,69.8,70.44
422,70.59,70.3,69.8,70.44,72.31
423,70.3,69.8,70.44,72.31,73.82
424,69.8,70.44,72.31,73.82,74.66
425,70.44,72.31,73.82,74.66,75.11
426,72.31,73.82,74.66,75.11,76.33
427,73.82,74.66,75.11,76.33,77.43
428,74.66,75.11,76.33,77.43,76.1
429,75.11,76.33,77.43,76.1,76.29
430,76.33,77.43,76.1,76.29,76.29
431,77.43,76.1,76.29,76.29,76.29
432,76.1,76.29,76.29,76.29,76.29
433,76.29,76.29,76.29,76.29,79.28
434,76.29,76.29,76.29,79.28,77.44
435,76.29,76.29,79.28,77.44,77.27
436,76.29,79.28,77.44,77.27,78.69
437,79.28,77.44,77.27,78.69,80.01
438,77.44,77.27,78.69,80.01,79.37
439,77.27,78.69,80.01,79.37,76.93
440,78.69,80.01,79.37,76.93,74.55
441,80.01,79.37,76.93,74.55,73.2
442,79.37,76.93,74.55,73.2,72.94
443,76.93,74.55,73.2,72.94,74.27
444,74.55,73.2,72.94,74.27,76.51
445,73.2,72.94,74.27,76.51,77.1
446,72.94,74.27,76.51,77.1,75.01
447,74.27,76.51,77.1,75.01,71.43
448,76.51,77.1,75.01,71.43,71.45
449,77.1,75.01,71.43,71.45,73.41
450,75.01,71.43,71.45,73.41,73.25
451,71.43,71.45,73.41,73.25,72.91
452,71.45,73.41,73.25,72.91,73.09
453,73.41,73.25,72.91,73.09,74.34
454,73.25,72.91,73.09,74.34,75.57
455,72.91,73.09,74.34,75.57,75.51
456,73.09,74.34,75.57,75.51,75.1
457,74.34,75.57,75.51,75.1,74.66
458,75.57,75.51,75.1,74.66,74.01
459,75.51,75.1,74.66,74.01,73.27
460,75.1,74.66,74.01,73.27,72.74
461,74.66,74.01,73.27,72.74,73.21
462,74.01,73.27,72.74,73.21,73.84
463,73.27,72.74,73.21,73.84,72.75
464,72.74,73.21,73.84,72.75,72.65
465,73.21,73.84,72.75,72.65,74.26
466,73.84,72.75,72.65,74.26,75.54
467,72.75,72.65,74.26,75.54,76.04
468,72.65,74.26,75.54,76.04,75.88
469,74.26,75.54,76.04,75.88,74.33
470,75.54,76.04,75.88,74.33,72.92
471,76.04,75.88,74.33,72.92,75.94
472,75.88,74.33,72.92,75.94,79.07
473,74.33,72.92,75.94,79.07,79.09
474,72.92,75.94,79.07,79.09,76.99
475,75.94,79.07,79.09,76.99,74.3
476,79.07,79.09,76.99,74.3,72.85
477,79.09,76.99,74.3,72.85,74.59
478,76.99,74.3,72.85,74.59,77.15
479,74.3,72.85,74.59,77.15,76.11
480,72.85,74.59,77.15,76.11,75.53
481,74.59,77.15,76.11,75.53,76.44
482,77.15,76.11,75.53,76.44,77.88
483,76.11,75.53,76.44,77.88,77.65
484,75.53,76.44,77.88,77.65,75.49
485,76.44,77.88,77.65,75.49,75.77
486,77.88,77.65,75.49,75.77,76.58
487,77.65,75.49,75.77,76.58,75.82
488,75.49,75.77,76.58,75.82,77.77
489,75.77,76.58,75.82,77.77,80.09
490,76.58,75.82,77.77,80.09,79.07
491,75.82,77.77,80.09,79.07,75.51
492,77.77,80.09,79.07,75.51,72.52
493,80.09,79.07,75.51,72.52,73.2
494,79.07,75.51,72.52,73.2,73.87
495,75.51,72.52,73.2,73.87,73.15
496,72.52,73.2,73.87,73.15,72.82
497,73.2,73.87,73.15,72.82,73.03
498,73.87,73.15,72.82,73.03,73.94
499,73.15,72.82,73.03,73.94,74.39
500,72.82,73.03,73.94,74.39,74.03
501,73.03,73.94,74.39,74.03,74.45
502,73.94,74.39,74.03,74.45,74.7
503,74.39,74.03,74.45,74.7,73.96
504,74.03,74.45,74.7,73.96,72.71
505,74.45,74.7,73.96,72.71,71.89
506,74.7,73.96,72.71,71.89,74.01
507,73.96,72.71,71.89,74.01,73.01
508,72.71,71.89,74.01,73.01,73.01
509,71.89,74.01,73.01,73.01,73.01
510,74.01,73.01,73.01,73.01,73.01
511,73.01,73.01,73.01,73.01,71.1
512,73.01,73.01,73.01,71.1,76.19
513,73.01,73.01,71.1,76.19,79.04
514,73.01,71.1,76.19,79.04,81
515,71.1,76.19,79.04,81,81.08
516,76.19,79.04,81,81.08,80.09
517,79.04,81,81.08,80.09,77.89
518,81,81.08,80.09,77.89,76.22
519,81.08,80.09,77.89,76.22,76.48
520,80.09,77.89,76.22,76.48,77.46
521,77.89,76.22,76.48,77.46,78.07
522,76.22,76.48,77.46,78.07,76.95
523,76.48,77.46,78.07,76.95,73.99
524,77.46,78.07,76.95,73.99,70.83
525,78.07,76.95,73.99,70.83,74.84
526,76.95,73.99,70.83,74.84,74.84
527,73.99,70.83,74.84,74.84,74.84
528,70.83,74.84,74.84,74.84,82.01
529,74.84,74.84,74.84,82.01,80.18
530,74.84,74.84,82.01,80.18,77.07
531,74.84,82.01,80.18,77.07,74.9
532,82.01,80.18,77.07,74.9,74.52
533,80.18,77.07,74.9,74.52,75.19
534,77.07,74.9,74.52,75.19,76.01
535,74.9,74.52,75.19,76.01,76.45
536,74.52,75.19,76.01,76.45,77.18
537,75.19,76.01,76.45,77.18,77.08
538,76.01,76.45,77.18,77.08,75.91
539,76.45,77.18,77.08,75.91,72.1
540,77.18,77.08,75.91,72.1,69.2
541,77.08,75.91,72.1,69.2,71.73
542,75.91,72.1,69.2,71.73,74.76
543,72.1,69.2,71.73,74.76,76.28
544,69.2,71.73,74.76,76.28,76.92
545,71.73,74.76,76.28,76.92,77.2
546,74.76,76.28,76.92,77.2,77.8
547,76.28,76.92,77.2,77.8,79.69
548,76.92,77.2,77.8,79.69,81.29
549,77.2,77.8,79.69,81.29,81.2
550,77.8,79.69,81.29,81.2,81.08
551,79.69,81.29,81.2,81.08,80.16
552,81.29,81.2,81.08,80.16,78.28
553,81.2,81.08,80.16,78.28,78.47
554,81.08,80.16,78.28,78.47,78.43
555,80.16,78.28,78.47,78.43,75.57
556,78.28,78.47,78.43,75.57,76.1
557,78.47,78.43,75.57,76.1,79.03
558,78.43,75.57,76.1,79.03,80.19
559,75.57,76.1,79.03,80.19,81.18
560,76.1,79.03,80.19,81.18,80.64
561,79.03,80.19,81.18,80.64,77.29
562,80.19,81.18,80.64,77.29,75.86
563,81.18,80.64,77.29,75.86,77.51
564,80.64,77.29,75.86,77.51,80.36
565,77.29,75.86,77.51,80.36,81.77
566,75.86,77.51,80.36,81.77,80.67
567,77.51,80.36,81.77,80.67,79.59
568,80.36,81.77,80.67,79.59,81.23
569,81.77,80.67,79.59,81.23,84.77
570,80.67,79.59,81.23,84.77,86.87
571,79.59,81.23,84.77,86.87,87.96
572,81.23,84.77,86.87,87.96,88.53
573,84.77,86.87,87.96,88.53,89.07
574,86.87,87.96,88.53,89.07,89.29
575,87.96,88.53,89.07,89.29,85.58
576,88.53,89.07,89.29,85.58,82.35
577,89.07,89.29,85.58,82.35,84.04
578,89.29,85.58,82.35,84.04,85.72
579,85.58,82.35,84.04,85.72,85.17
580,82.35,84.04,85.72,85.17,83.12
581,84.04,85.72,85.17,83.12,80.32
582,85.72,85.17,83.12,80.32,77.88
583,85.17,83.12,80.32,77.88,76.85
584,83.12,80.32,77.88,76.85,76.11
585,80.32,77.88,76.85,76.11,76.97
586,77.88,76.85,76.11,76.97,79.41
587,76.85,76.11,76.97,79.41,79.58
588,76.11,76.97,79.41,79.58,77.16
589,76.97,79.41,79.58,77.16,74.3
590,79.41,79.58,77.16,74.3,72.24
591,79.58,77.16,74.3,72.24,71.68
592,77.16,74.3,72.24,71.68,72.43
593,74.3,72.24,71.68,72.43,73.64
594,72.24,71.68,72.43,73.64,74.55
595,71.68,72.43,73.64,74.55,74.66
596,72.43,73.64,74.55,74.66,73.77
597,73.64,74.55,74.66,73.77,71.99
598,74.55,74.66,73.77,71.99,70.36
599,74.66,73.77,71.99,70.36,69.71
600,73.77,71.99,70.36,69.71,69.73
601,71.99,70.36,69.71,69.73,70.13
602,70.36,69.71,69.73,70.13,70.67
603,69.71,69.73,70.13,70.67,71.33
604,69.73,70.13,70.67,71.33,71.84
605,70.13,70.67,71.33,71.84,72.12
606,70.67,71.33,71.84,72.12,72.27
607,71.33,71.84,72.12,72.27,73.34
608,71.84,72.12,72.27,73.34,74.16
609,72.12,72.27,73.34,74.16,73.98
610,72.27,73.34,74.16,73.98,72.17
611,73.34,74.16,73.98,72.17,70.44
612,74.16,73.98,72.17,70.44,71.09
613,73.98,72.17,70.44,71.09,72.61
614,72.17,70.44,71.09,72.61,74.22
615,70.44,71.09,72.61,74.22,75.53
616,71.09,72.61,74.22,75.53,76.16
617,72.61,74.22,75.53,76.16,76.4
618,74.22,75.53,76.16,76.4,76.84
619,75.53,76.16,76.4,76.84,76.85
620,76.16,76.4,76.84,76.85,75.22
621,76.4,76.84,76.85,75.22,75.53
622,76.84,76.85,75.22,75.53,78.16
623,76.85,75.22,75.53,78.16,78.04
624,75.22,75.53,78.16,78.04,77.79
625,75.53,78.16,78.04,77.79,79.49
626,78.16,78.04,77.79,79.49,82.06
627,78.04,77.79,79.49,82.06,83.94
628,77.79,79.49,82.06,83.94,83.56
629,79.49,82.06,83.94,83.56,83.56
630,82.06,83.94,83.56,83.56,83.56
631,83.94,83.56,83.56,83.56,83.56
632,83.56,83.56,83.56,83.56,83.56
633,83.56,83.56,83.56,83.56,78.26
634,83.56,83.56,83.56,78.26,76.86
635,83.56,83.56,78.26,76.86,78.8
636,83.56,78.26,76.86,78.8,81.61
637,78.26,76.86,78.8,81.61,81.64
638,76.86,78.8,81.61,81.64,79.28
639,78.8,81.61,81.64,79.28,76.82
640,81.61,81.64,79.28,76.82,76.37
641,81.64,79.28,76.82,76.37,75.66
642,79.28,76.82,76.37,75.66,75.42
643,76.82,76.37,75.66,75.42,76.69
644,76.37,75.66,75.42,76.69,77.86
645,75.66,75.42,76.69,77.86,77.9
646,75.42,76.69,77.86,77.9,76.97
647,76.69,77.86,77.9,76.97,75.27
648,77.86,77.9,76.97,75.27,73.79
649,77.9,76.97,75.27,73.79,73.86
650,76.97,75.27,73.79,73.86,74.22
651,75.27,73.79,73.86,74.22,73.18
652,73.79,73.86,74.22,73.18,71.55
653,73.86,74.22,73.18,71.55,70.2
654,74.22,73.18,71.55,70.2,66.4
655,73.18,71.55,70.2,66.4,63.09
656,71.55,70.2,66.4,63.09,66.78
657,70.2,66.4,63.09,66.78,71.34
658,66.4,63.09,66.78,71.34,74.01
659,63.09,66.78,71.34,74.01,76.97
660,66.78,71.34,74.01,76.97,78.27
661,71.34,74.01,76.97,78.27,77.45
662,74.01,76.97,78.27,77.45,75.64
663,76.97,78.27,77.45,75.64,74.27
664,78.27,77.45,75.64,74.27,72.6
665,77.45,75.64,74.27,72.6,71.55
666,75.64,74.27,72.6,71.55,71.9
667,74.27,72.6,71.55,71.9,73.81
668,72.6,71.55,71.9,73.81,76.02
669,71.55,71.9,73.81,76.02,75.4
670,71.9,73.81,76.02,75.4,75.94
671,73.81,76.02,75.4,75.94,79.2
672,76.02,75.4,75.94,79.2,82.29
673,75.4,75.94,79.2,82.29,83.8
674,75.94,79.2,82.29,83.8,83.45
675,79.2,82.29,83.8,83.45,81.44
676,82.29,83.8,83.45,81.44,78.82
677,83.8,83.45,81.44,78.82,77.6
678,83.45,81.44,78.82,77.6,78.99
679,81.44,78.82,77.6,78.99,81.48
680,78.82,77.6,78.99,81.48,83.14
681,77.6,78.99,81.48,83.14,85.33
682,78.99,81.48,83.14,85.33,86.91
683,81.48,83.14,85.33,86.91,86.95
684,83.14,85.33,86.91,86.95,86.52
685,85.33,86.91,86.95,86.52,86.99
686,86.91,86.95,86.52,86.99,88.24
687,86.95,86.52,86.99,88.24,88.94
688,86.52,86.99,88.24,88.94,88.94
689,86.99,88.24,88.94,88.94,86.82
690,88.24,88.94,88.94,86.82,83.68
691,88.94,88.94,86.82,83.68,81.65
692,88.94,86.82,83.68,81.65,82.08
693,86.82,83.68,81.65,82.08,81.96
694,83.68,81.65,82.08,81.96,79.4
695,81.65,82.08,81.96,79.4,74.99
696,82.08,81.96,79.4,74.99,71.62
697,81.96,79.4,74.99,71.62,71.28
698,79.4,74.99,71.62,71.28,70.12
699,74.99,71.62,71.28,70.12,68.83
700,71.62,71.28,70.12,68.83,68.19
701,71.28,70.12,68.83,68.19,67.67
702,70.12,68.83,68.19,67.67,66.78
703,68.83,68.19,67.67,66.78,66.26
704,68.19,67.67,66.78,66.26,66.7
705,67.67,66.78,66.26,66.7,66.96
706,66.78,66.26,66.7,66.96,66.96
707,66.26,66.7,66.96,66.96,68.39
708,66.7,66.96,66.96,68.39,70.22
709,66.96,66.96,68.39,70.22,71.37
710,66.96,68.39,70.22,71.37,72.12
711,68.39,70.22,71.37,72.12,72.12
712,70.22,71.37,72.12,72.12,73.11
713,71.37,72.12,72.12,73.11,74.51
714,72.12,72.12,73.11,74.51,75.52
715,72.12,73.11,74.51,75.52,76.62
716,73.11,74.51,75.52,76.62,77.35
717,74.51,75.52,76.62,77.35,76.68
718,75.52,76.62,77.35,76.68,74.4
719,76.62,77.35,76.68,74.4,71.57
720,77.35,76.68,74.4,71.57,72.87
721,76.68,74.4,71.57,72.87,72.87
722,74.4,71.57,72.87,72.87,72.87
723,71.57,72.87,72.87,72.87,72.87
724,72.87,72.87,72.87,72.87,72.87
725,72.87,72.87,72.87,72.87,72.87
726,72.87,72.87,72.87,72.87,75.11
727,72.87,72.87,72.87,75.11,69.73
728,72.87,72.87,75.11,69.73,69.73
729,72.87,75.11,69.73,69.73,71.69
730,75.11,69.73,69.73,71.69,73
731,69.73,69.73,71.69,73,75.67
732,69.73,71.69,73,75.67,78.43
733,71.69,73,75.67,78.43,79.6
734,73,75.67,78.43,79.6,77.25
735,75.67,78.43,79.6,77.25,73.25
736,78.43,79.6,77.25,73.25,68.36
737,79.6,77.25,73.25,68.36,65.08
738,77.25,73.25,68.36,65.08,67.66
739,73.25,68.36,65.08,67.66,71.83
740,68.36,65.08,67.66,71.83,76.26
741,65.08,67.66,71.83,76.26,77.23
742,67.66,71.83,76.26,77.23,76.08
743,71.83,76.26,77.23,76.08,78.87
744,76.26,77.23,76.08,78.87,82.53
745,77.23,76.08,78.87,82.53,84.83
746,76.08,78.87,82.53,84.83,86.44
747,78.87,82.53,84.83,86.44,85.04
748,82.53,84.83,86.44,85.04,83
749,84.83,86.44,85.04,83,83.42
750,86.44,85.04,83,83.42,85.21
751,85.04,83,83.42,85.21,86.71
752,83,83.42,85.21,86.71,85.37
753,83.42,85.21,86.71,85.37,81.49
754,85.21,86.71,85.37,81.49,78.11
755,86.71,85.37,81.49,78.11,76.47
756,85.37,81.49,78.11,76.47,73.88
757,81.49,78.11,76.47,73.88,73.21
758,78.11,76.47,73.88,73.21,75.03
759,76.47,73.88,73.21,75.03,75.95
760,73.88,73.21,75.03,75.95,75.18
761,73.21,75.03,75.95,75.18,72.99
762,75.03,75.95,75.18,72.99,69.15
763,75.95,75.18,72.99,69.15,65.73
764,75.18,72.99,69.15,65.73,63.11
765,72.99,69.15,65.73,63.11,61.13
766,69.15,65.73,63.11,61.13,61.83
767,65.73,63.11,61.13,61.83,62.84
768,63.11,61.13,61.83,62.84,65.91
769,61.13,61.83,62.84,65.91,68.15
770,61.83,62.84,65.91,68.15,65.94
771,62.84,65.91,68.15,65.94,64.2
772,65.91,68.15,65.94,64.2,63.79
773,68.15,65.94,64.2,63.79,63.56
774,65.94,64.2,63.79,63.56,63.56
775,64.2,63.79,63.56,63.56,63.74
776,63.79,63.56,63.56,63.74,64.01
777,63.56,63.56,63.74,64.01,64.32
778,63.56,63.74,64.01,64.32,64.6
779,63.74,64.01,64.32,64.6,65.87
780,64.01,64.32,64.6,65.87,67.33
781,64.32,64.6,65.87,67.33,68.51
782,64.6,65.87,67.33,68.51,69.65
783,65.87,67.33,68.51,69.65,70.14
784,67.33,68.51,69.65,70.14,70.78
785,68.51,69.65,70.14,70.78,71.24
786,69.65,70.14,70.78,71.24,69.91
787,70.14,70.78,71.24,69.91,69.05
788,70.78,71.24,69.91,69.05,71.03
789,71.24,69.91,69.05,71.03,72.57
790,69.91,69.05,71.03,72.57,72.75
791,69.05,71.03,72.57,72.75,73.7
792,71.03,72.57,72.75,73.7,74.96
793,72.57,72.75,73.7,74.96,75.93
794,72.75,73.7,74.96,75.93,77.17
795,73.7,74.96,75.93,77.17,77.86
796,74.96,75.93,77.17,77.86,77.62
797,75.93,77.17,77.86,77.62,78.97
798,77.17,77.86,77.62,78.97,81.24
799,77.86,77.62,78.97,81.24,81.69
800,77.62,78.97,81.24,81.69,78.42
801,78.97,81.24,81.69,78.42,75.1
802,81.24,81.69,78.42,75.1,78.87
803,81.69,78.42,75.1,78.87,83.2
804,78.42,75.1,78.87,83.2,82.91
805,75.1,78.87,83.2,82.91,80.21
806,78.87,83.2,82.91,80.21,76.58
807,83.2,82.91,80.21,76.58,74.56
808,82.91,80.21,76.58,74.56,74.92
809,80.21,76.58,74.56,74.92,76.48
810,76.58,74.56,74.92,76.48,77.87
811,74.56,74.92,76.48,77.87,76.6
812,74.92,76.48,77.87,76.6,75.72
813,76.48,77.87,76.6,75.72,78.49
814,77.87,76.6,75.72,78.49,78.41
815,76.6,75.72,78.49,78.41,76.13
816,75.72,78.49,78.41,76.13,75.15
817,78.49,78.41,76.13,75.15,72.92
818,78.41,76.13,75.15,72.92,70.49
819,76.13,75.15,72.92,70.49,72.9
820,75.15,72.92,70.49,72.9,76.5
821,72.92,70.49,72.9,76.5,77.54
822,70.49,72.9,76.5,77.54,75.96
823,72.9,76.5,77.54,75.96,73.41
824,76.5,77.54,75.96,73.41,72.74
825,77.54,75.96,73.41,72.74,71.88
826,75.96,73.41,72.74,71.88,70.86
827,73.41,72.74,71.88,70.86,69.86
828,72.74,71.88,70.86,69.86,69.34
829,71.88,70.86,69.86,69.34,70.24
830,70.86,69.86,69.34,70.24,71.72
831,69.86,69.34,70.24,71.72,73.12
832,69.34,70.24,71.72,73.12,72.88
833,70.24,71.72,73.12,72.88,71.8
834,71.72,73.12,72.88,71.8,72.63
835,73.12,72.88,71.8,72.63,73.53
836,72.88,71.8,72.63,73.53,73.53
837,71.8,72.63,73.53,73.53,70.77
838,72.63,73.53,73.53,70.77,67.86
839,73.53,73.53,70.77,67.86,69.73
840,73.53,70.77,67.86,69.73,72.7
841,70.77,67.86,69.73,72.7,74.88
842,67.86,69.73,72.7,74.88,77.33
843,69.73,72.7,74.88,77.33,78.53
844,72.7,74.88,77.33,78.53,78.13
845,74.88,77.33,78.53,78.13,75.66
846,77.33,78.53,78.13,75.66,72.88
847,78.53,78.13,75.66,72.88,71.13
848,78.13,75.66,72.88,71.13,71.51
849,75.66,72.88,71.13,71.51,74.93
850,72.88,71.13,71.51,74.93,77.44
851,71.13,71.51,74.93,77.44,77.25
852,71.51,74.93,77.44,77.25,74.86
853,74.93,77.44,77.25,74.86,75.71
854,77.44,77.25,74.86,75.71,79.62
855,77.25,74.86,75.71,79.62,81.7
856,74.86,75.71,79.62,81.7,81.61
857,75.71,79.62,81.7,81.61,79.92
858,79.62,81.7,81.61,79.92,77.22
859,81.7,81.61,79.92,77.22,76.94
860,81.61,79.92,77.22,76.94,79.5
861,79.92,77.22,76.94,79.5,81.22
862,77.22,76.94,79.5,81.22,81.51
863,76.94,79.5,81.22,81.51,80.94
864,79.5,81.22,81.51,80.94,81.17
865,81.22,81.51,80.94,81.17,82.7
866,81.51,80.94,81.17,82.7,84.61
867,80.94,81.17,82.7,84.61,86.03
868,81.17,82.7,84.61,86.03,85.8
869,82.7,84.61,86.03,85.8,84.34
870,84.61,86.03,85.8,84.34,83.41
871,86.03,85.8,84.34,83.41,84.13
872,85.8,84.34,83.41,84.13,85.23
873,84.34,83.41,84.13,85.23,84.82
874,83.41,84.13,85.23,84.82,83.19
875,84.13,85.23,84.82,83.19,81.79
876,85.23,84.82,83.19,81.79,81.1
877,84.82,83.19,81.79,81.1,79.56
878,83.19,81.79,81.1,79.56,79.03
879,81.79,81.1,79.56,79.03,79.83
880,81.1,79.56,79.03,79.83,80.62
881,79.56,79.03,79.83,80.62,80.73
882,79.03,79.83,80.62,80.73,79.68
883,79.83,80.62,80.73,79.68,77.56
884,80.62,80.73,79.68,77.56,76.14
885,80.73,79.68,77.56,76.14,76.52
886,79.68,77.56,76.14,76.52,78.99
887,77.56,76.14,76.52,78.99,80.23
888,76.14,76.52,78.99,80.23,78.67
889,76.52,78.99,80.23,78.67,76.3
890,78.99,80.23,78.67,76.3,74.14
891,80.23,78.67,76.3,74.14,73.24
892,78.67,76.3,74.14,73.24,72.5
893,76.3,74.14,73.24,72.5,71.93
894,74.14,73.24,72.5,71.93,70.88
895,73.24,72.5,71.93,70.88,70.61
896,72.5,71.93,70.88,70.61,71.62
897,71.93,70.88,70.61,71.62,73.02
898,70.88,70.61,71.62,73.02,74.09
899,70.61,71.62,73.02,74.09,74.26
900,71.62,73.02,74.09,74.26,74.49
901,73.02,74.09,74.26,74.49,74.86
902,74.09,74.26,74.49,74.86,75
903,74.26,74.49,74.86,75,75
904,74.49,74.86,75,75,75
905,74.86,75,75,75,76.44
906,75,75,75,76.44,77.86
907,75,75,76.44,77.86,76.99
908,75,76.44,77.86,76.99,77.9
909,76.44,77.86,76.99,77.9,80.37
910,77.86,76.99,77.9,80.37,81.08
911,76.99,77.9,80.37,81.08,79.52
912,77.9,80.37,81.08,79.52,77.36
913,80.37,81.08,79.52,77.36,76.46
914,81.08,79.52,77.36,76.46,75.12
915,79.52,77.36,76.46,75.12,73.45
916,77.36,76.46,75.12,73.45,75
917,76.46,75.12,73.45,75,75.68
918,75.12,73.45,75,75.68,75.68
919,73.45,75,75.68,75.68,75.68
920,75,75.68,75.68,75.68,75.68
921,75.68,75.68,75.68,75.68,75.68
922,75.68,75.68,75.68,75.68,71.71
923,75.68,75.68,75.68,71.71,75.4
924,75.68,75.68,71.71,75.4,77.99
925,75.68,71.71,75.4,77.99,77.51
926,71.71,75.4,77.99,77.51,75.53
927,75.4,77.99,77.51,75.53,73.99
928,77.99,77.51,75.53,73.99,74.17
929,77.51,75.53,73.99,74.17,74.76
930,75.53,73.99,74.17,74.76,75.88
931,73.99,74.17,74.76,75.88,77.72
932,74.17,74.76,75.88,77.72,77.68
933,74.76,75.88,77.72,77.68,76.17
934,75.88,77.72,77.68,76.17,76.22
935,77.72,77.68,76.17,76.22,75.92
936,77.68,76.17,76.22,75.92,74.91
937,76.17,76.22,75.92,74.91,72.8
938,76.22,75.92,74.91,72.8,71.45
939,75.92,74.91,72.8,71.45,72.49
940,74.91,72.8,71.45,72.49,74.77
941,72.8,71.45,72.49,74.77,77.18
942,71.45,72.49,74.77,77.18,78.67
943,72.49,74.77,77.18,78.67,79.23
944,74.77,77.18,78.67,79.23,78.97
945,77.18,78.67,79.23,78.97,78.48
946,78.67,79.23,78.97,78.48,77.09
947,79.23,78.97,78.48,77.09,75.34
948,78.97,78.48,77.09,75.34,74.45
949,78.48,77.09,75.34,74.45,75.05
950,77.09,75.34,74.45,75.05,77.18
951,75.34,74.45,75.05,77.18,79.42
952,74.45,75.05,77.18,79.42,80.48
953,75.05,77.18,79.42,80.48,80.65
954,77.18,79.42,80.48,80.65,78.37
955,79.42,80.48,80.65,78.37,75.58
956,80.48,80.65,78.37,75.58,74.66
957,80.65,78.37,75.58,74.66,73.9
958,78.37,75.58,74.66,73.9,73.38
959,75.58,74.66,73.9,73.38,74.88
960,74.66,73.9,73.38,74.88,77.07
961,73.9,73.38,74.88,77.07,78.28
962,73.38,74.88,77.07,78.28,77.83
963,74.88,77.07,78.28,77.83,76.55
964,77.07,78.28,77.83,76.55,76.27
965,78.28,77.83,76.55,76.27,74.03
966,77.83,76.55,76.27,74.03,71.61
967,76.55,76.27,74.03,71.61,74.11
968,76.27,74.03,71.61,74.11,76.62
969,74.03,71.61,74.11,76.62,76.03
970,71.61,74.11,76.62,76.03,74.2
971,74.11,76.62,76.03,74.2,71.47
972,76.62,76.03,74.2,71.47,67.62
973,76.03,74.2,71.47,67.62,66
974,74.2,71.47,67.62,66,68.41
975,71.47,67.62,66,68.41,69.77
976,67.62,66,68.41,69.77,69.77
977,66,68.41,69.77,69.77,72.01
978,68.41,69.77,69.77,72.01,74.92
979,69.77,69.77,72.01,74.92,76.65
980,69.77,72.01,74.92,76.65,77.39
981,72.01,74.92,76.65,77.39,76.77
982,74.92,76.65,77.39,76.77,75.93
983,76.65,77.39,76.77,75.93,74.02
984,77.39,76.77,75.93,74.02,72.06
985,76.77,75.93,74.02,72.06,72.85
986,75.93,74.02,72.06,72.85,75.51
987,74.02,72.06,72.85,75.51,78.7
988,72.06,72.85,75.51,78.7,81.04
989,72.85,75.51,78.7,81.04,81.67
990,75.51,78.7,81.04,81.67,82.16
991,78.7,81.04,81.67,82.16,82.16
992,81.04,81.67,82.16,82.16,82.16
993,81.67,82.16,82.16,82.16,82.16
994,82.16,82.16,82.16,82.16,82.16
995,82.16,82.16,82.16,82.16,73.1
996,82.16,82.16,82.16,73.1,80.83
997,82.16,82.16,73.1,80.83,82.96
998,82.16,73.1,80.83,82.96,85.38
999,73.1,80.83,82.96,85.38,87.43
1000,80.83,82.96,85.38,87.43,88.27
1001,82.96,85.38,87.43,88.27,88.06
1002,85.38,87.43,88.27,88.06,88.49
1003,87.43,88.27,88.06,88.49,89.79
1004,88.27,88.06,88.49,89.79,90.02
1005,88.06,88.49,89.79,90.02,88.47
1006,88.49,89.79,90.02,88.47,86.05
1007,89.79,90.02,88.47,86.05,83.28
1008,90.02,88.47,86.05,83.28,80.33
1009,88.47,86.05,83.28,80.33,81.16
1010,86.05,83.28,80.33,81.16,82.82
1011,83.28,80.33,81.16,82.82,81.81
1012,80.33,81.16,82.82,81.81,80.34
1013,81.16,82.82,81.81,80.34,77.05
1014,82.82,81.81,80.34,77.05,73.08
1015,81.81,80.34,77.05,73.08,69.41
1016,80.34,77.05,73.08,69.41,67.41
1017,77.05,73.08,69.41,67.41,69.26
1018,73.08,69.41,67.41,69.26,71.53
1019,69.41,67.41,69.26,71.53,72.57
1020,67.41,69.26,71.53,72.57,74.64
1021,69.26,71.53,72.57,74.64,76.47
1022,71.53,72.57,74.64,76.47,76.68
1023,72.57,74.64,76.47,76.68,75.67
1024,74.64,76.47,76.68,75.67,74.36
1025,76.47,76.68,75.67,74.36,74.27
1026,76.68,75.67,74.36,74.27,74.09
1027,75.67,74.36,74.27,74.09,72.84
1028,74.36,74.27,74.09,72.84,73.5
1029,74.27,74.09,72.84,73.5,75.22
1030,74.09,72.84,73.5,75.22,75.09
1031,72.84,73.5,75.22,75.09,73.25
1032,73.5,75.22,75.09,73.25,70.82
1033,75.22,75.09,73.25,70.82,70.33
1034,75.09,73.25,70.82,70.33,71.1
1035,73.25,70.82,70.33,71.1,71.89
1036,70.82,70.33,71.1,71.89,72.55
1037,70.33,71.1,71.89,72.55,72.73
1038,71.1,71.89,72.55,72.73,73.43
1039,71.89,72.55,72.73,73.43,73.69
1040,72.55,72.73,73.43,73.69,71.88
1041,72.73,73.43,73.69,71.88,70.51
1042,73.43,73.69,71.88,70.51,70.68
1043,73.69,71.88,70.51,70.68,72.7
1044,71.88,70.51,70.68,72.7,74.82
1045,70.51,70.68,72.7,74.82,74.45
1046,70.68,72.7,74.82,74.45,73.45
1047,72.7,74.82,74.45,73.45,72.73
1048,74.82,74.45,73.45,72.73,74.62
1049,74.45,73.45,72.73,74.62,77.1
1050,73.45,72.73,74.62,77.1,77.77
1051,72.73,74.62,77.1,77.77,78.67
1052,74.62,77.1,77.77,78.67,78.71
1053,77.1,77.77,78.67,78.71,77.17
1054,77.77,78.67,78.71,77.17,74.29
1055,78.67,78.71,77.17,74.29,72.07
1056,78.71,77.17,74.29,72.07,72.79
1057,77.17,74.29,72.07,72.79,73.63
1058,74.29,72.07,72.79,73.63,73.1
1059,72.07,72.79,73.63,73.1,75.72
1060,72.79,73.63,73.1,75.72,79.2
1061,73.63,73.1,75.72,79.2,79.79
1062,73.1,75.72,79.2,79.79,77.21
1063,75.72,79.2,79.79,77.21,73
1064,79.2,79.79,77.21,73,73
1065,79.79,77.21,73,73,73
1066,77.21,73,73,73,68.26
1067,73,73,73,68.26,74.79
1068,73,73,68.26,74.79,79.77
1069,73,68.26,74.79,79.77,80.98
1070,68.26,74.79,79.77,80.98,77.12
1071,74.79,79.77,80.98,77.12,72.22
1072,79.77,80.98,77.12,72.22,74.38
1073,80.98,77.12,72.22,74.38,78.99
1074,77.12,72.22,74.38,78.99,80.14
1075,72.22,74.38,78.99,80.14,78.05
1076,74.38,78.99,80.14,78.05,74.29
1077,78.99,80.14,78.05,74.29,71.12
1078,80.14,78.05,74.29,71.12,71.87
1079,78.05,74.29,71.12,71.87,76.62
1080,74.29,71.12,71.87,76.62,79.42
1081,71.12,71.87,76.62,79.42,79.63
1082,71.87,76.62,79.42,79.63,78.51
1083,76.62,79.42,79.63,78.51,75.05
1084,79.42,79.63,78.51,75.05,72.84
1085,79.63,78.51,75.05,72.84,74.85
1086,78.51,75.05,72.84,74.85,76.29
1087,75.05,72.84,74.85,76.29,76.53
1088,72.84,74.85,76.29,76.53,76.77
1089,74.85,76.29,76.53,76.77,75.69
1090,76.29,76.53,76.77,75.69,73.78
1091,76.53,76.77,75.69,73.78,70.95
1092,76.77,75.69,73.78,70.95,68.81
1093,75.69,73.78,70.95,68.81,68.81
1094,73.78,70.95,68.81,68.81,69.23
1095,70.95,68.81,68.81,69.23,70.04
1096,68.81,68.81,69.23,70.04,69.89
1097,68.81,69.23,70.04,69.89,69.2
1098,69.23,70.04,69.89,69.2,68.61
1099,70.04,69.89,69.2,68.61,68.6
1100,69.89,69.2,68.61,68.6,69.89
1101,69.2,68.61,68.6,69.89,70.75
1102,68.61,68.6,69.89,70.75,70.75
1103,68.6,69.89,70.75,70.75,71.72
1104,69.89,70.75,70.75,71.72,70.45
1105,70.75,70.75,71.72,70.45,70.45
1106,70.75,71.72,70.45,70.45,70.45
1107,71.72,70.45,70.45,70.45,70.45
1108,70.45,70.45,70.45,70.45,66.13
1109,70.45,70.45,70.45,66.13,70.75
1110,70.45,70.45,66.13,70.75,74.67
1111,70.45,66.13,70.75,74.67,75.82
1112,66.13,70.75,74.67,75.82,76.36
1113,70.75,74.67,75.82,76.36,76.75
1114,74.67,75.82,76.36,76.75,77.14
1115,75.82,76.36,76.75,77.14,78.13
1116,76.36,76.75,77.14,78.13,78.95
1117,76.75,77.14,78.13,78.95,78.95
1118,77.14,78.13,78.95,78.95,78.75
1119,78.13,78.95,78.95,78.75,78.45
1120,78.95,78.95,78.75,78.45,78.24
1121,78.95,78.75,78.45,78.24,77.94
1122,78.75,78.45,78.24,77.94,78.18
1123,78.45,78.24,77.94,78.18,79.41
1124,78.24,77.94,78.18,79.41,80.4
1125,77.94,78.18,79.41,80.4,80.38
1126,78.18,79.41,80.4,80.38,79.77
1127,79.41,80.4,80.38,79.77,79.01
1128,80.4,80.38,79.77,79.01,78.27
1129,80.38,79.77,79.01,78.27,77.2
1130,79.77,79.01,78.27,77.2,76.09
1131,79.01,78.27,77.2,76.09,75.75
1132,78.27,77.2,76.09,75.75,76.98
1133,77.2,76.09,75.75,76.98,78.79
1134,76.09,75.75,76.98,78.79,79.77
1135,75.75,76.98,78.79,79.77,79.73
1136,76.98,78.79,79.77,79.73,78.85
1137,78.79,79.77,79.73,78.85,77.62
1138,79.77,79.73,78.85,77.62,77.62
1139,79.73,78.85,77.62,77.62,77.62
1140,78.85,77.62,77.62,77.62,77.62
1141,77.62,77.62,77.62,77.62,71.63
1142,77.62,77.62,77.62,71.63,74.83
1143,77.62,77.62,71.63,74.83,77.35
1144,77.62,71.63,74.83,77.35,78.73
1145,71.63,74.83,77.35,78.73,79.15
1146,74.83,77.35,78.73,79.15,79.15
1147,77.35,78.73,79.15,79.15,79.15
1148,78.73,79.15,79.15,79.15,79.15
1149,79.15,79.15,79.15,79.15,73.58
1150,79.15,79.15,79.15,73.58,79.39
1151,79.15,79.15,73.58,79.39,84.17
1152,79.15,73.58,79.39,84.17,86.22
1153,73.58,79.39,84.17,86.22,87.64
1154,79.39,84.17,86.22,87.64,89.6
1155,84.17,86.22,87.64,89.6,90.72
1156,86.22,87.64,89.6,90.72,89.3
1157,87.64,89.6,90.72,89.3,86.17
1158,89.6,90.72,89.3,86.17,82.75
1159,90.72,89.3,86.17,82.75,81.37
1160,89.3,86.17,82.75,81.37,81.75
1161,86.17,82.75,81.37,81.75,83.86
1162,82.75,81.37,81.75,83.86,86.32
1163,81.37,81.75,83.86,86.32,87.45
1164,81.75,83.86,86.32,87.45,88.36
1165,83.86,86.32,87.45,88.36,86.98
1166,86.32,87.45,88.36,86.98,84.86
1167,87.45,88.36,86.98,84.86,84.41
1168,88.36,86.98,84.86,84.41,84.52
1169,86.98,84.86,84.41,84.52,84.01
1170,84.86,84.41,84.52,84.01,82.69
1171,84.41,84.52,84.01,82.69,81.38
1172,84.52,84.01,82.69,81.38,79.36
1173,84.01,82.69,81.38,79.36,77.61
1174,82.69,81.38,79.36,77.61,77.83
1175,81.38,79.36,77.61,77.83,79.84
1176,79.36,77.61,77.83,79.84,82.08
1177,77.61,77.83,79.84,82.08,83.41
1178,77.83,79.84,82.08,83.41,82.98
1179,79.84,82.08,83.41,82.98,81.37
1180,82.08,83.41,82.98,81.37,79.15
1181,83.41,82.98,81.37,79.15,77.44
1182,82.98,81.37,79.15,77.44,77.07
1183,81.37,79.15,77.44,77.07,77.15
1184,79.15,77.44,77.07,77.15,77.8
1185,77.44,77.07,77.15,77.8,78.49
1186,77.07,77.15,77.8,78.49,77.03
1187,77.15,77.8,78.49,77.03,75.38
1188,77.8,78.49,77.03,75.38,75.38
1189,78.49,77.03,75.38,75.38,75.04
1190,77.03,75.38,75.38,75.04,74.62
1191,75.38,75.38,75.04,74.62,74.39
1192,75.38,75.04,74.62,74.39,74.26
1193,75.04,74.62,74.39,74.26,74.23
1194,74.62,74.39,74.26,74.23,73.69
1195,74.39,74.26,74.23,73.69,73.24
1196,74.26,74.23,73.69,73.24,73.42
1197,74.23,73.69,73.24,73.42,72.45
1198,73.69,73.24,73.42,72.45,71.08
1199,73.24,73.42,72.45,71.08,70.94
1200,73.42,72.45,71.08,70.94,70.96
1201,72.45,71.08,70.94,70.96,70.63
1202,71.08,70.94,70.96,70.63,70.54
1203,70.94,70.96,70.63,70.54,70.7
1204,70.96,70.63,70.54,70.7,70.43
1205,70.63,70.54,70.7,70.43,70.84
1206,70.54,70.7,70.43,70.84,73.47
1207,70.7,70.43,70.84,73.47,76.46
1208,70.43,70.84,73.47,76.46,78.04
1209,70.84,73.47,76.46,78.04,78.53
1210,73.47,76.46,78.04,78.53,76.95
1211,76.46,78.04,78.53,76.95,74.45
1212,78.04,78.53,76.95,74.45,72.65
1213,78.53,76.95,74.45,72.65,71.28
1214,76.95,74.45,72.65,71.28,69.8
1215,74.45,72.65,71.28,69.8,69.38
1216,72.65,71.28,69.8,69.38,70.35
1217,71.28,69.8,69.38,70.35,73.49
1218,69.8,69.38,70.35,73.49,75.79
1219,69.38,70.35,73.49,75.79,73.73
1220,70.35,73.49,75.79,73.73,73.45
1221,73.49,75.79,73.73,73.45,75.47
1222,75.79,73.73,73.45,75.47,76.14
1223,73.73,73.45,75.47,76.14,75.38
1224,73.45,75.47,76.14,75.38,73.9
1225,75.47,76.14,75.38,73.9,72.86
1226,76.14,75.38,73.9,72.86,72.25
1227,75.38,73.9,72.86,72.25,71.02
1228,73.9,72.86,72.25,71.02,71.24
1229,72.86,72.25,71.02,71.24,73.5
1230,72.25,71.02,71.24,73.5,73.5
1231,71.02,71.24,73.5,73.5,71.86
1232,71.24,73.5,73.5,71.86,70.08
1233,73.5,73.5,71.86,70.08,68.88
1234,73.5,71.86,70.08,68.88,69.04
1235,71.86,70.08,68.88,69.04,69.61
1236,70.08,68.88,69.04,69.61,70.24
1237,68.88,69.04,69.61,70.24,69.91
1238,69.04,69.61,70.24,69.91,69.55
1239,69.61,70.24,69.91,69.55,69.87
1240,70.24,69.91,69.55,69.87,69.23
1241,69.91,69.55,69.87,69.23,67.82
1242,69.55,69.87,69.23,67.82,68.84
1243,69.87,69.23,67.82,68.84,70.97
1244,69.23,67.82,68.84,70.97,72.89
1245,67.82,68.84,70.97,72.89,74.75
1246,68.84,70.97,72.89,74.75,75.69
1247,70.97,72.89,74.75,75.69,76.51
1248,72.89,74.75,75.69,76.51,76.25
1249,74.75,75.69,76.51,76.25,74.57
1250,75.69,76.51,76.25,74.57,74.37
1251,76.51,76.25,74.57,74.37,75.61
1252,76.25,74.57,74.37,75.61,76.67
1253,74.57,74.37,75.61,76.67,77.08
1254,74.37,75.61,76.67,77.08,76.79
1255,75.61,76.67,77.08,76.79,78.92
1256,76.67,77.08,76.79,78.92,81.21
1257,77.08,76.79,78.92,81.21,81.15
1258,76.79,78.92,81.21,81.15,78.36
1259,78.92,81.21,81.15,78.36,78.36
1260,81.21,81.15,78.36,78.36,78.36
1261,81.15,78.36,78.36,78.36,78.36
1262,78.36,78.36,78.36,78.36,78.36
1263,78.36,78.36,78.36,78.36,72.19
1264,78.36,78.36,78.36,72.19,75.34
1265,78.36,78.36,72.19,75.34,79.58
1266,78.36,72.19,75.34,79.58,80.09
1267,72.19,75.34,79.58,80.09,78
1268,75.34,79.58,80.09,78,79.88
1269,79.58,80.09,78,79.88,81.7
1270,80.09,78,79.88,81.7,81.25
1271,78,79.88,81.7,81.25,79.37
1272,79.88,81.7,81.25,79.37,77.32
1273,81.7,81.25,79.37,77.32,76.76
1274,81.25,79.37,77.32,76.76,78.4
1275,79.37,77.32,76.76,78.4,79.33
1276,77.32,76.76,78.4,79.33,79.06
1277,76.76,78.4,79.33,79.06,80.61
1278,78.4,79.33,79.06,80.61,81.31
1279,79.33,79.06,80.61,81.31,79.75
1280,79.06,80.61,81.31,79.75,76.73
1281,80.61,81.31,79.75,76.73,74.63
1282,81.31,79.75,76.73,74.63,74.74
1283,79.75,76.73,74.63,74.74,78.18
1284,76.73,74.63,74.74,78.18,81.52
1285,74.63,74.74,78.18,81.52,81.5
1286,74.74,78.18,81.52,81.5,81.28
1287,78.18,81.52,81.5,81.28,79.94
1288,81.52,81.5,81.28,79.94,78
1289,81.5,81.28,79.94,78,76.29
1290,81.28,79.94,78,76.29,76.4
1291,79.94,78,76.29,76.4,78.61
1292,78,76.29,76.4,78.61,80.41
1293,76.29,76.4,78.61,80.41,78.5
1294,76.4,78.61,80.41,78.5,73.19
1295,78.61,80.41,78.5,73.19,71.21
1296,80.41,78.5,73.19,71.21,72.3
1297,78.5,73.19,71.21,72.3,73.06
1298,73.19,71.21,72.3,73.06,74.55
1299,71.21,72.3,73.06,74.55,76.65
1300,72.3,73.06,74.55,76.65,78.7
1301,73.06,74.55,76.65,78.7,79.36
1302,74.55,76.65,78.7,79.36,78.59
1303,76.65,78.7,79.36,78.59,78.69
1304,78.7,79.36,78.59,78.69,77.82
1305,79.36,78.59,78.69,77.82,74.08
1306,78.59,78.69,77.82,74.08,71.77
1307,78.69,77.82,74.08,71.77,71.8
1308,77.82,74.08,71.77,71.8,72.5
1309,74.08,71.77,71.8,72.5,73.54
1310,71.77,71.8,72.5,73.54,74.46
1311,71.8,72.5,73.54,74.46,74.7
1312,72.5,73.54,74.46,74.7,74.33
1313,73.54,74.46,74.7,74.33,74.26
1314,74.46,74.7,74.33,74.26,74.58
1315,74.7,74.33,74.26,74.58,75.14
1316,74.33,74.26,74.58,75.14,76.93
1317,74.26,74.58,75.14,76.93,78.32
1318,74.58,75.14,76.93,78.32,77.94
1319,75.14,76.93,78.32,77.94,77.94
1320,76.93,78.32,77.94,77.94,77.94
1321,78.32,77.94,77.94,77.94,77.94
1322,77.94,77.94,77.94,77.94,78.36
1323,77.94,77.94,77.94,78.36,79.63
1324,77.94,77.94,78.36,79.63,81.8
1325,77.94,78.36,79.63,81.8,82.81
1326,78.36,79.63,81.8,82.81,82.15
1327,79.63,81.8,82.81,82.15,84.11
1328,81.8,82.81,82.15,84.11,85.52
1329,82.81,82.15,84.11,85.52,84.41
1330,82.15,84.11,85.52,84.41,83.67
1331,84.11,85.52,84.41,83.67,80.78
1332,85.52,84.41,83.67,80.78,77.16
1333,84.41,83.67,80.78,77.16,74.63
1334,83.67,80.78,77.16,74.63,72.38
1335,80.78,77.16,74.63,72.38,71.17
1336,77.16,74.63,72.38,71.17,74.69
1337,74.63,72.38,71.17,74.69,78.6
1338,72.38,71.17,74.69,78.6,78.36
1339,71.17,74.69,78.6,78.36,79.66
1340,74.69,78.6,78.36,79.66,81.17
1341,78.6,78.36,79.66,81.17,80.89
1342,78.36,79.66,81.17,80.89,79.08
1343,79.66,81.17,80.89,79.08,77.41
1344,81.17,80.89,79.08,77.41,77.32
1345,80.89,79.08,77.41,77.32,78.18
1346,79.08,77.41,77.32,78.18,79.07
1347,77.41,77.32,78.18,79.07,78.81
1348,77.32,78.18,79.07,78.81,79.38
1349,78.18,79.07,78.81,79.38,80.5
1350,79.07,78.81,79.38,80.5,80.93
1351,78.81,79.38,80.5,80.93,82.02
1352,79.38,80.5,80.93,82.02,83.71
1353,80.5,80.93,82.02,83.71,85.33
1354,80.93,82.02,83.71,85.33,86.96
1355,82.02,83.71,85.33,86.96,87.88
1356,83.71,85.33,86.96,87.88,88.5
1357,85.33,86.96,87.88,88.5,89.94
1358,86.96,87.88,88.5,89.94,91.17
1359,87.88,88.5,89.94,91.17,91.81
1360,88.5,89.94,91.17,91.81,92.01
1361,89.94,91.17,91.81,92.01,91.06
1362,91.17,91.81,92.01,91.06,88.25
1363,91.81,92.01,91.06,88.25,84.75
1364,92.01,91.06,88.25,84.75,82.18
1365,91.06,88.25,84.75,82.18,79.8
1366,88.25,84.75,82.18,79.8,77.91
1367,84.75,82.18,79.8,77.91,76.93
1368,82.18,79.8,77.91,76.93,76.95
1369,79.8,77.91,76.93,76.95,78.38
1370,77.91,76.93,76.95,78.38,80.47
1371,76.93,76.95,78.38,80.47,81.29
1372,76.95,78.38,80.47,81.29,80.49
1373,78.38,80.47,81.29,80.49,79.37
1374,80.47,81.29,80.49,79.37,77.3
1375,81.29,80.49,79.37,77.3,75.5
1376,80.49,79.37,77.3,75.5,74.94
1377,79.37,77.3,75.5,74.94,73.87
1378,77.3,75.5,74.94,73.87,73.06
1379,75.5,74.94,73.87,73.06,73.46
1380,74.94,73.87,73.06,73.46,73.39
1381,73.87,73.06,73.46,73.39,72.5
1382,73.06,73.46,73.39,72.5,72.12
1383,73.46,73.39,72.5,72.12,72.03
1384,73.39,72.5,72.12,72.03,71.69
1385,72.5,72.12,72.03,71.69,72.64
1386,72.12,72.03,71.69,72.64,74.81
1387,72.03,71.69,72.64,74.81,76.91
1388,71.69,72.64,74.81,76.91,78.84
1389,72.64,74.81,76.91,78.84,80.57
1390,74.81,76.91,78.84,80.57,81.31
1391,76.91,78.84,80.57,81.31,80.07
1392,78.84,80.57,81.31,80.07,77.99
1393,80.57,81.31,80.07,77.99,74.69
1394,81.31,80.07,77.99,74.69,72.33
1395,80.07,77.99,74.69,72.33,72.34
1396,77.99,74.69,72.33,72.34,72.05
1397,74.69,72.33,72.34,72.05,71.36
1398,72.33,72.34,72.05,71.36,70.04
1399,72.34,72.05,71.36,70.04,68.68
1400,72.05,71.36,70.04,68.68,67.38
1401,71.36,70.04,68.68,67.38,67
1402,70.04,68.68,67.38,67,68.69
1403,68.68,67.38,67,68.69,70.31
1404,67.38,67,68.69,70.31,71.14
1405,67,68.69,70.31,71.14,73.71
1406,68.69,70.31,71.14,73.71,74.82
1407,70.31,71.14,73.71,74.82,71.71
1408,71.14,73.71,74.82,71.71,69.88
1409,73.71,74.82,71.71,69.88,70.04
1410,74.82,71.71,69.88,70.04,70.9
1411,71.71,69.88,70.04,70.9,72.42
1412,69.88,70.04,70.9,72.42,74.84
1413,70.04,70.9,72.42,74.84,75.98
1414,70.9,72.42,74.84,75.98,75.43
1415,72.42,74.84,75.98,75.43,76.98
1416,74.84,75.98,75.43,76.98,77.49
1417,75.98,75.43,76.98,77.49,75.72
1418,75.43,76.98,77.49,75.72,74.09
1419,76.98,77.49,75.72,74.09,72.93
1420,77.49,75.72,74.09,72.93,72.22
1421,75.72,74.09,72.93,72.22,73.26
1422,74.09,72.93,72.22,73.26,75.36
1423,72.93,72.22,73.26,75.36,75.31
1424,72.22,73.26,75.36,75.31,74.81
1425,73.26,75.36,75.31,74.81,75.19
1426,75.36,75.31,74.81,75.19,74.06
1427,75.31,74.81,75.19,74.06,72.65
1428,74.81,75.19,74.06,72.65,72.68
1429,75.19,74.06,72.65,72.68,72.4
1430,74.06,72.65,72.68,72.4,71.71
1431,72.65,72.68,72.4,71.71,70.66
1432,72.68,72.4,71.71,70.66,69.93
1433,72.4,71.71,70.66,69.93,70.36
1434,71.71,70.66,69.93,70.36,71.73
1435,70.66,69.93,70.36,71.73,73.67
1436,69.93,70.36,71.73,73.67,74.3
1437,70.36,71.73,73.67,74.3,74.18
1438,71.73,73.67,74.3,74.18,75.08
1439,73.67,74.3,74.18,75.08,75.12
1440,74.3,74.18,75.08,75.12,74.19
1441,74.18,75.08,75.12,74.19,74.09
1442,75.08,75.12,74.19,74.09,73.93
1443,75.12,74.19,74.09,73.93,73.21
1444,74.19,74.09,73.93,73.21,72.67
1445,74.09,73.93,73.21,72.67,72.97
1446,73.93,73.21,72.67,72.97,72.97
1447,73.21,72.67,72.97,72.97,72.97
1448,72.67,72.97,72.97,72.97,72.97
1449,72.97,72.97,72.97,72.97,72.97
1450,72.97,72.97,72.97,72.97,76.98
1451,72.97,72.97,72.97,76.98,75.62
1452,72.97,72.97,76.98,75.62,74.65
1453,72.97,76.98,75.62,74.65,73.87
1454,76.98,75.62,74.65,73.87,72.61
1455,75.62,74.65,73.87,72.61,73.33
1456,74.65,73.87,72.61,73.33,75.68
1457,73.87,72.61,73.33,75.68,76.11
1458,72.61,73.33,75.68,76.11,75.85
1459,73.33,75.68,76.11,75.85,76.05
1460,75.68,76.11,75.85,76.05,74.27
1461,76.11,75.85,76.05,74.27,71.82
1462,75.85,76.05,74.27,71.82,70.02
1463,76.05,74.27,71.82,70.02,68.89
1464,74.27,71.82,70.02,68.89,69.05
1465,71.82,70.02,68.89,69.05,71.58
1466,70.02,68.89,69.05,71.58,74.46
1467,68.89,69.05,71.58,74.46,73.85
1468,69.05,71.58,74.46,73.85,70.45
1469,71.58,74.46,73.85,70.45,66.09
1470,74.46,73.85,70.45,66.09,65.58
1471,73.85,70.45,66.09,65.58,67.77
1472,70.45,66.09,65.58,67.77,70.64
1473,66.09,65.58,67.77,70.64,72.37
1474,65.58,67.77,70.64,72.37,70.38
1475,67.77,70.64,72.37,70.38,69.79
1476,70.64,72.37,70.38,69.79,71.62
1477,72.37,70.38,69.79,71.62,73.75
1478,70.38,69.79,71.62,73.75,75.78
1479,69.79,71.62,73.75,75.78,77.95
1480,71.62,73.75,75.78,77.95,79.53
1481,73.75,75.78,77.95,79.53,78.51
1482,75.78,77.95,79.53,78.51,74.04
1483,77.95,79.53,78.51,74.04,70.56
1484,79.53,78.51,74.04,70.56,70.23
1485,78.51,74.04,70.56,70.23,72.38
1486,74.04,70.56,70.23,72.38,75.45
1487,70.56,70.23,72.38,75.45,77.38
1488,70.23,72.38,75.45,77.38,77.22
1489,72.38,75.45,77.38,77.22,75.77
1490,75.45,77.38,77.22,75.77,77.5
1491,77.38,77.22,75.77,77.5,78.72
1492,77.22,75.77,77.5,78.72,77.43
1493,75.77,77.5,78.72,77.43,73.77
1494,77.5,78.72,77.43,73.77,71.86
1495,78.72,77.43,73.77,71.86,74.75
1496,77.43,73.77,71.86,74.75,77.35
1497,73.77,71.86,74.75,77.35,78.72
1498,71.86,74.75,77.35,78.72,80.17
1499,74.75,77.35,78.72,80.17,80.22
1500,77.35,78.72,80.17,80.22,78.53
1501,78.72,80.17,80.22,78.53,76.17
1502,80.17,80.22,78.53,76.17,76.1
1503,80.22,78.53,76.17,76.1,78.22
1504,78.53,76.17,76.1,78.22,78.71
1505,76.17,76.1,78.22,78.71,78.4
1506,76.1,78.22,78.71,78.4,78.05
1507,78.22,78.71,78.4,78.05,76.41
1508,78.71,78.4,78.05,76.41,74.64
1509,78.4,78.05,76.41,74.64,73.9
1510,78.05,76.41,74.64,73.9,75.34
1511,76.41,74.64,73.9,75.34,77.83
1512,74.64,73.9,75.34,77.83,79.37
1513,73.9,75.34,77.83,79.37,79.35
1514,75.34,77.83,79.37,79.35,77.81
1515,77.83,79.37,79.35,77.81,75.87
1516,79.37,79.35,77.81,75.87,74.63
1517,79.35,77.81,75.87,74.63,74.57
1518,77.81,75.87,74.63,74.57,73.85
1519,75.87,74.63,74.57,73.85,73.98
1520,74.63,74.57,73.85,73.98,75.86
1521,74.57,73.85,73.98,75.86,77.81
1522,73.85,73.98,75.86,77.81,78.26
1523,73.98,75.86,77.81,78.26,76.79
1524,75.86,77.81,78.26,76.79,75.47
1525,77.81,78.26,76.79,75.47,75.15
1526,78.26,76.79,75.47,75.15,75.44
1527,76.79,75.47,75.15,75.44,76.33
1528,75.47,75.15,75.44,76.33,77.29
1529,75.15,75.44,76.33,77.29,77.1
1530,75.44,76.33,77.29,77.1,76.72
1531,76.33,77.29,77.1,76.72,77.11
1532,77.29,77.1,76.72,77.11,78.45
1533,77.1,76.72,77.11,78.45,79.26
1534,76.72,77.11,78.45,79.26,78.32
1535,77.11,78.45,79.26,78.32,78.32
1536,78.45,79.26,78.32,78.32,78.32
1537,79.26,78.32,78.32,78.32,78.32
1538,78.32,78.32,78.32,78.32,79.68
1539,78.32,78.32,78.32,79.68,80.32
1540,78.32,78.32,79.68,80.32,79.39
1541,78.32,79.68,80.32,79.39,76.89
1542,79.68,80.32,79.39,76.89,74.24
1543,80.32,79.39,76.89,74.24,72.67
1544,79.39,76.89,74.24,72.67,73.12
1545,76.89,74.24,72.67,73.12,76.96
1546,74.24,72.67,73.12,76.96,79.93
1547,72.67,73.12,76.96,79.93,78.5
1548,73.12,76.96,79.93,78.5,78.5
1549,76.96,79.93,78.5,78.5,78.5
1550,79.93,78.5,78.5,78.5,72.29
1551,78.5,78.5,78.5,72.29,76.25
1552,78.5,78.5,72.29,76.25,77.22
1553,78.5,72.29,76.25,77.22,76.54
1554,72.29,76.25,77.22,76.54,75.18
1555,76.25,77.22,76.54,75.18,74.25
1556,77.22,76.54,75.18,74.25,76.19
1557,76.54,75.18,74.25,76.19,78.33
1558,75.18,74.25,76.19,78.33,77.94
1559,74.25,76.19,78.33,77.94,77.91
1560,76.19,78.33,77.94,77.91,77.37
1561,78.33,77.94,77.91,77.37,75.45
1562,77.94,77.91,77.37,75.45,72.41
1563,77.91,77.37,75.45,72.41,69.97
1564,77.37,75.45,72.41,69.97,68.47
1565,75.45,72.41,69.97,68.47,68.03
1566,72.41,69.97,68.47,68.03,69.79
1567,69.97,68.47,68.03,69.79,72
1568,68.47,68.03,69.79,72,73.59
1569,68.03,69.79,72,73.59,70.19
1570,69.79,72,73.59,70.19,66.1
1571,72,73.59,70.19,66.1,66.97
1572,73.59,70.19,66.1,66.97,68.16
1573,70.19,66.1,66.97,68.16,68.95
1574,66.1,66.97,68.16,68.95,69.97
1575,66.97,68.16,68.95,69.97,70.79
1576,68.16,68.95,69.97,70.79,74.25
1577,68.95,69.97,70.79,74.25,77.48
1578,69.97,70.79,74.25,77.48,77.44
1579,70.79,74.25,77.48,77.44,77.32
1580,74.25,77.48,77.44,77.32,76.8
1581,77.48,77.44,77.32,76.8,75.08
1582,77.44,77.32,76.8,75.08,73.77
1583,77.32,76.8,75.08,73.77,73.62
1584,76.8,75.08,73.77,73.62,74.3
1585,75.08,73.77,73.62,74.3,75.7
1586,73.77,73.62,74.3,75.7,77.26
1587,73.62,74.3,75.7,77.26,79.08
1588,74.3,75.7,77.26,79.08,79.52
1589,75.7,77.26,79.08,79.52,78.16
1590,77.26,79.08,79.52,78.16,76
1591,79.08,79.52,78.16,76,74.75
1592,79.52,78.16,76,74.75,75.68
1593,78.16,76,74.75,75.68,78.08
1594,76,74.75,75.68,78.08,80.4
1595,74.75,75.68,78.08,80.4,81.35
1596,75.68,78.08,80.4,81.35,78.88
1597,78.08,80.4,81.35,78.88,75.44
1598,80.4,81.35,78.88,75.44,76.18
1599,81.35,78.88,75.44,76.18,79.45
1600,78.88,75.44,76.18,79.45,82.42
1601,75.44,76.18,79.45,82.42,83.27
1602,76.18,79.45,82.42,83.27,82.26
1603,79.45,82.42,83.27,82.26,81.36
1604,82.42,83.27,82.26,81.36,81.08
1605,83.27,82.26,81.36,81.08,81.9
1606,82.26,81.36,81.08,81.9,83.03
1607,81.36,81.08,81.9,83.03,83.33
1608,81.08,81.9,83.03,83.33,81.47
1609,81.9,83.03,83.33,81.47,79.01
1610,83.03,83.33,81.47,79.01,77.87
1611,83.33,81.47,79.01,77.87,78.78
1612,81.47,79.01,77.87,78.78,80.92
1613,79.01,77.87,78.78,80.92,82.24
1614,77.87,78.78,80.92,82.24,83.27
1615,78.78,80.92,82.24,83.27,82.98
1616,80.92,82.24,83.27,82.98,81.26
1617,82.24,83.27,82.98,81.26,79.44
1618,83.27,82.98,81.26,79.44,79.02
1619,82.98,81.26,79.44,79.02,80
1620,81.26,79.44,79.02,80,80.84
1621,79.44,79.02,80,80.84,79.85
1622,79.02,80,80.84,79.85,77.02
1623,80,80.84,79.85,77.02,75.06
1624,80.84,79.85,77.02,75.06,74.77
1625,79.85,77.02,75.06,74.77,75.09
1626,77.02,75.06,74.77,75.09,74.46
1627,75.06,74.77,75.09,74.46,73
1628,74.77,75.09,74.46,73,73.89
1629,75.09,74.46,73,73.89,73.78
1630,74.46,73,73.89,73.78,73.78
1631,73,73.89,73.78,73.78,73.78
1632,73.89,73.78,73.78,73.78,72.28
1633,73.78,73.78,73.78,72.28,75.56
1634,73.78,73.78,72.28,75.56,77.57
1635,73.78,72.28,75.56,77.57,77.44
1636,72.28,75.56,77.57,77.44,77.49
1637,75.56,77.57,77.44,77.49,77.63
1638,77.57,77.44,77.49,77.63,77.45
1639,77.44,77.49,77.63,77.45,77.32
1640,77.49,77.63,77.45,77.32,77.19
1641,77.63,77.45,77.32,77.19,76.6
1642,77.45,77.32,77.19,76.6,76.65
1643,77.32,77.19,76.6,76.65,77.44
1644,77.19,76.6,76.65,77.44,77.72
1645,76.6,76.65,77.44,77.72,76.75
1646,76.65,77.44,77.72,76.75,75.02
1647,77.44,77.72,76.75,75.02,73.25
1648,77.72,76.75,75.02,73.25,71.98
1649,76.75,75.02,73.25,71.98,71.24
1650,75.02,73.25,71.98,71.24,72.67
1651,73.25,71.98,71.24,72.67,75.95
1652,71.98,71.24,72.67,75.95,77.11
1653,71.24,72.67,75.95,77.11,76.92
1654,72.67,75.95,77.11,76.92,76.92
1655,75.95,77.11,76.92,76.92,78.42
1656,77.11,76.92,76.92,78.42,80.07
1657,76.92,76.92,78.42,80.07,80.21
1658,76.92,78.42,80.07,80.21,77.47
1659,78.42,80.07,80.21,77.47,74.96
1660,80.07,80.21,77.47,74.96,76.25
1661,80.21,77.47,74.96,76.25,77.93
1662,77.47,74.96,76.25,77.93,79.15
1663,74.96,76.25,77.93,79.15,81.08
1664,76.25,77.93,79.15,81.08,82.59
1665,77.93,79.15,81.08,82.59,82.18
1666,79.15,81.08,82.59,82.18,80.27
1667,81.08,82.59,82.18,80.27,77.81
1668,82.59,82.18,80.27,77.81,76.98
1669,82.18,80.27,77.81,76.98,79.18
1670,80.27,77.81,76.98,79.18,80.92
1671,77.81,76.98,79.18,80.92,79.81
1672,76.98,79.18,80.92,79.81,76.38
1673,79.18,80.92,79.81,76.38,73.32
1674,80.92,79.81,76.38,73.32,72.44
1675,79.81,76.38,73.32,72.44,70.2
1676,76.38,73.32,72.44,70.2,68.97
1677,73.32,72.44,70.2,68.97,72.33
1678,72.44,70.2,68.97,72.33,75.12
1679,70.2,68.97,72.33,75.12,75.26
1680,68.97,72.33,75.12,75.26,73.36
1681,72.33,75.12,75.26,73.36,71.31
1682,75.12,75.26,73.36,71.31,70.98
1683,75.26,73.36,71.31,70.98,70.75
1684,73.36,71.31,70.98,70.75,70.75
1685,71.31,70.98,70.75,70.75,71.74
1686,70.98,70.75,70.75,71.74,72.5
1687,70.75,70.75,71.74,72.5,71.69
1688,70.75,71.74,72.5,71.69,71.95
1689,71.74,72.5,71.69,71.95,73.35
1690,72.5,71.69,71.95,73.35,74.44
1691,71.69,71.95,73.35,74.44,75.85
1692,71.95,73.35,74.44,75.85,78.04
1693,73.35,74.44,75.85,78.04,79.93
1694,74.44,75.85,78.04,79.93,79.46
1695,75.85,78.04,79.93,79.46,76.72
1696,78.04,79.93,79.46,76.72,76.9
1697,79.93,79.46,76.72,76.9,79.23
1698,79.46,76.72,76.9,79.23,79.52
1699,76.72,76.9,79.23,79.52,78.57
1700,76.9,79.23,79.52,78.57,77.87
1701,79.23,79.52,78.57,77.87,79.09
1702,79.52,78.57,77.87,79.09,80.37
1703,78.57,77.87,79.09,80.37,80.91
1704,77.87,79.09,80.37,80.91,82.31
1705,79.09,80.37,80.91,82.31,83.52
1706,80.37,80.91,82.31,83.52,83.58
1707,80.91,82.31,83.52,83.58,83.17
1708,82.31,83.52,83.58,83.17,82.87
1709,83.52,83.58,83.17,82.87,83.66
1710,83.58,83.17,82.87,83.66,85.33
1711,83.17,82.87,83.66,85.33,86.21
1712,82.87,83.66,85.33,86.21,85.22
1713,83.66,85.33,86.21,85.22,83.84
1714,85.33,86.21,85.22,83.84,83.62
1715,86.21,85.22,83.84,83.62,83.05
1716,85.22,83.84,83.62,83.05,81.18
1717,83.84,83.62,83.05,81.18,78.29
1718,83.62,83.05,81.18,78.29,78.29
1719,83.05,81.18,78.29,78.29,78.29
1720,81.18,78.29,78.29,78.29,78.29
1721,78.29,78.29,78.29,78.29,78.29
1722,78.29,78.29,78.29,78.29,78.29
1723,78.29,78.29,78.29,78.29,78.29
1724,78.29,78.29,78.29,78.29,68.84
1725,78.29,78.29,78.29,68.84,71.02
1726,78.29,78.29,68.84,71.02,72.69
1727,78.29,68.84,71.02,72.69,72.78
1728,68.84,71.02,72.69,72.78,72.01
1729,71.02,72.69,72.78,72.01,70.99
1730,72.69,72.78,72.01,70.99,69.26
1731,72.78,72.01,70.99,69.26,67.68
1732,72.01,70.99,69.26,67.68,68
1733,70.99,69.26,67.68,68,69.22
1734,69.26,67.68,68,69.22,71.44
1735,67.68,68,69.22,71.44,72.77
1736,68,69.22,71.44,72.77,72.07
1737,69.22,71.44,72.77,72.07,73.39
1738,71.44,72.77,72.07,73.39,75.31
1739,72.77,72.07,73.39,75.31,75.88
1740,72.07,73.39,75.31,75.88,77.01
1741,73.39,75.31,75.88,77.01,77.97
1742,75.31,75.88,77.01,77.97,77.1
1743,75.88,77.01,77.97,77.1,74.78
1744,77.01,77.97,77.1,74.78,72.59
1745,77.97,77.1,74.78,72.59,72.1
1746,77.1,74.78,72.59,72.1,73.05
1747,74.78,72.59,72.1,73.05,75.1
1748,72.59,72.1,73.05,75.1,76.82
1749,72.1,73.05,75.1,76.82,77.25
1750,73.05,75.1,76.82,77.25,77.56
1751,75.1,76.82,77.25,77.56,75.21
1752,76.82,77.25,77.56,75.21,71.23
1753,77.25,77.56,75.21,71.23,74.34
1754,77.56,75.21,71.23,74.34,80.07
1755,75.21,71.23,74.34,80.07,82.28
1756,71.23,74.34,80.07,82.28,84.49
1757,74.34,80.07,82.28,84.49,85.96
1758,80.07,82.28,84.49,85.96,85.45
1759,82.28,84.49,85.96,85.45,80
1760,84.49,85.96,85.45,80,74.62
1761,85.96,85.45,80,74.62,73.34
1762,85.45,80,74.62,73.34,75.13
1763,80,74.62,73.34,75.13,78.43
1764,74.62,73.34,75.13,78.43,80.69
1765,73.34,75.13,78.43,80.69,83.04
1766,75.13,78.43,80.69,83.04,84.08
1767,78.43,80.69,83.04,84.08,83.88
1768,80.69,83.04,84.08,83.88,83.3
1769,83.04,84.08,83.88,83.3,82.17
1770,84.08,83.88,83.3,82.17,80.65
1771,83.88,83.3,82.17,80.65,77.42
1772,83.3,82.17,80.65,77.42,73.15
1773,82.17,80.65,77.42,73.15,69.74
1774,80.65,77.42,73.15,69.74,66.16
1775,77.42,73.15,69.74,66.16,63.58
1776,73.15,69.74,66.16,63.58,61.38
1777,69.74,66.16,63.58,61.38,59.51
1778,66.16,63.58,61.38,59.51,59.29
1779,63.58,61.38,59.51,59.29,59.29
1780,61.38,59.51,59.29,59.29,60.3
1781,59.51,59.29,59.29,60.3,61.52
1782,59.29,59.29,60.3,61.52,63.15
1783,59.29,60.3,61.52,63.15,64.73
1784,60.3,61.52,63.15,64.73,64.22
1785,61.52,63.15,64.73,64.22,63.71
1786,63.15,64.73,64.22,63.71,64.68
1787,64.73,64.22,63.71,64.68,65.83
1788,64.22,63.71,64.68,65.83,66.87
1789,63.71,64.68,65.83,66.87,66.93
1790,64.68,65.83,66.87,66.93,65.75
1791,65.83,66.87,66.93,65.75,65.73
1792,66.87,66.93,65.75,65.73,66.45
1793,66.93,65.75,65.73,66.45,68.07
1794,65.75,65.73,66.45,68.07,69.8
1795,65.73,66.45,68.07,69.8,70.95
1796,66.45,68.07,69.8,70.95,72.31
1797,68.07,69.8,70.95,72.31,73.37
1798,69.8,70.95,72.31,73.37,74.05
1799,70.95,72.31,73.37,74.05,74.44
1800,72.31,73.37,74.05,74.44,75.21
1801,73.37,74.05,74.44,75.21,74.87
1802,74.05,74.44,75.21,74.87,73.64
1803,74.44,75.21,74.87,73.64,74.53
1804,75.21,74.87,73.64,74.53,76.31
1805,74.87,73.64,74.53,76.31,77.49
1806,73.64,74.53,76.31,77.49,78.31
1807,74.53,76.31,77.49,78.31,78.28
1808,76.31,77.49,78.31,78.28,77.68
1809,77.49,78.31,78.28,77.68,75.71
1810,78.31,78.28,77.68,75.71,74.14
1811,78.28,77.68,75.71,74.14,75.35
1812,77.68,75.71,74.14,75.35,77.72
1813,75.71,74.14,75.35,77.72,79.67
1814,74.14,75.35,77.72,79.67,80.97
1815,75.35,77.72,79.67,80.97,80.51
1816,77.72,79.67,80.97,80.51,78.83
1817,79.67,80.97,80.51,78.83,77.16
1818,80.97,80.51,78.83,77.16,75.81
1819,80.51,78.83,77.16,75.81,75.24
1820,78.83,77.16,75.81,75.24,77.13
1821,77.16,75.81,75.24,77.13,79.51
1822,75.81,75.24,77.13,79.51,79.99
1823,75.24,77.13,79.51,79.99,80.63
1824,77.13,79.51,79.99,80.63,80.63
1825,79.51,79.99,80.63,80.63,80.63
1826,79.99,80.63,80.63,80.63,80.63
1827,80.63,80.63,80.63,80.63,80.63
1828,80.63,80.63,80.63,80.63,80.63
1829,80.63,80.63,80.63,80.63,72.02
1830,80.63,80.63,80.63,72.02,76.92
1831,80.63,80.63,72.02,76.92,79.46
1832,80.63,72.02,76.92,79.46,81.89
1833,72.02,76.92,79.46,81.89,82.72
1834,76.92,79.46,81.89,82.72,81.55
1835,79.46,81.89,82.72,81.55,80.4
1836,81.89,82.72,81.55,80.4,81.02
1837,82.72,81.55,80.4,81.02,82.89
1838,81.55,80.4,81.02,82.89,84.04
1839,80.4,81.02,82.89,84.04,83.03
1840,81.02,82.89,84.04,83.03,80.28
1841,82.89,84.04,83.03,80.28,78.23
1842,84.04,83.03,80.28,78.23,78.6
1843,83.03,80.28,78.23,78.6,79.9
1844,80.28,78.23,78.6,79.9,80.13
1845,78.23,78.6,79.9,80.13,80.66
1846,78.6,79.9,80.13,80.66,80.6
1847,79.9,80.13,80.66,80.6,79.58
1848,80.13,80.66,80.6,79.58,75.75
1849,80.66,80.6,79.58,75.75,72.53
1850,80.6,79.58,75.75,72.53,72.71
1851,79.58,75.75,72.53,72.71,74.49
1852,75.75,72.53,72.71,74.49,76.28
1853,72.53,72.71,74.49,76.28,74.43
1854,72.71,74.49,76.28,74.43,70.99
1855,74.49,76.28,74.43,70.99,68.24
1856,76.28,74.43,70.99,68.24,66.74
1857,74.43,70.99,68.24,66.74,66.45
1858,70.99,68.24,66.74,66.45,66.37
1859,68.24,66.74,66.45,66.37,66.74
1860,66.74,66.45,66.37,66.74,69.61
1861,66.45,66.37,66.74,69.61,72.36
1862,66.37,66.74,69.61,72.36,72.89
1863,66.74,69.61,72.36,72.89,72.18
1864,69.61,72.36,72.89,72.18,71.01
1865,72.36,72.89,72.18,71.01,71.13
1866,72.89,72.18,71.01,71.13,70.98
1867,72.18,71.01,71.13,70.98,69.99
1868,71.01,71.13,70.98,69.99,69.56
1869,71.13,70.98,69.99,69.56,69.72
1870,70.98,69.99,69.56,69.72,68.22
1871,69.99,69.56,69.72,68.22,67.18
1872,69.56,69.72,68.22,67.18,69.73
1873,69.72,68.22,67.18,69.73,73.13
1874,68.22,67.18,69.73,73.13,75.71
1875,67.18,69.73,73.13,75.71,79.36
1876,69.73,73.13,75.71,79.36,82.35
1877,73.13,75.71,79.36,82.35,83.36
1878,75.71,79.36,82.35,83.36,84.05
1879,79.36,82.35,83.36,84.05,84.12
1880,82.35,83.36,84.05,84.12,83.59
1881,83.36,84.05,84.12,83.59,82.15
1882,84.05,84.12,83.59,82.15,81.08
1883,84.12,83.59,82.15,81.08,81.19
1884,83.59,82.15,81.08,81.19,81.64
1885,82.15,81.08,81.19,81.64,83.45
1886,81.08,81.19,81.64,83.45,85.42
1887,81.19,81.64,83.45,85.42,86.06
1888,81.64,83.45,85.42,86.06,86.46
1889,83.45,85.42,86.06,86.46,86.4
1890,85.42,86.06,86.46,86.4,85.45
1891,86.06,86.46,86.4,85.45,83.17
1892,86.46,86.4,85.45,83.17,80.11
1893,86.4,85.45,83.17,80.11,78.54
1894,85.45,83.17,80.11,78.54,79.74
1895,83.17,80.11,78.54,79.74,82.23
1896,80.11,78.54,79.74,82.23,83.82
1897,78.54,79.74,82.23,83.82,84.27
1898,79.74,82.23,83.82,84.27,84.27
1899,82.23,83.82,84.27,84.27,84.27
1900,83.82,84.27,84.27,84.27,84.27
1901,84.27,84.27,84.27,84.27,84.27
1902,84.27,84.27,84.27,84.27,78.57
1903,84.27,84.27,84.27,78.57,83.81
1904,84.27,84.27,78.57,83.81,85.18
1905,84.27,78.57,83.81,85.18,85.91
1906,78.57,83.81,85.18,85.91,86.96
1907,83.81,85.18,85.91,86.96,86.78
1908,85.18,85.91,86.96,86.78,84.9
1909,85.91,86.96,86.78,84.9,82.52
1910,86.96,86.78,84.9,82.52,82.25
1911,86.78,84.9,82.52,82.25,83.92
1912,84.9,82.52,82.25,83.92,84.58
1913,82.52,82.25,83.92,84.58,82.52
1914,82.25,83.92,84.58,82.52,79.11
1915,83.92,84.58,82.52,79.11,76.46
1916,84.58,82.52,79.11,76.46,76.08
1917,82.52,79.11,76.46,76.08,77.24
1918,79.11,76.46,76.08,77.24,76.74
1919,76.46,76.08,77.24,76.74,71.47
1920,76.08,77.24,76.74,71.47,64.52
1921,77.24,76.74,71.47,64.52,63.45
1922,76.74,71.47,64.52,63.45,65.08
1923,71.47,64.52,63.45,65.08,64.13
1924,64.52,63.45,65.08,64.13,62.63
1925,63.45,65.08,64.13,62.63,63.16
1926,65.08,64.13,62.63,63.16,63.75
1927,64.13,62.63,63.16,63.75,63.09
1928,62.63,63.16,63.75,63.09,62.6
1929,63.16,63.75,63.09,62.6,63.13
1930,63.75,63.09,62.6,63.13,63.94
1931,63.09,62.6,63.13,63.94,65.2
1932,62.6,63.13,63.94,65.2,65.66
1933,63.13,63.94,65.2,65.66,64.81
1934,63.94,65.2,65.66,64.81,64.64
1935,65.2,65.66,64.81,64.64,65.06
1936,65.66,64.81,64.64,65.06,64.46
1937,64.81,64.64,65.06,64.46,63.5
1938,64.64,65.06,64.46,63.5,63.77
1939,65.06,64.46,63.5,63.77,64.36
1940,64.46,63.5,63.77,64.36,66.33
1941,63.5,63.77,64.36,66.33,68.14
1942,63.77,64.36,66.33,68.14,67.99
1943,64.36,66.33,68.14,67.99,68.26
1944,66.33,68.14,67.99,68.26,69.05
1945,68.14,67.99,68.26,69.05,69.44
1946,67.99,68.26,69.05,69.44,69.31
1947,68.26,69.05,69.44,69.31,65.97
1948,69.05,69.44,69.31,65.97,63.32
1949,69.44,69.31,65.97,63.32,67.65
1950,69.31,65.97,63.32,67.65,72.23
1951,65.97,63.32,67.65,72.23,74.01
1952,63.32,67.65,72.23,74.01,74.69
1953,67.65,72.23,74.01,74.69,74.72
1954,72.23,74.01,74.69,74.72,76.39
1955,74.01,74.69,74.72,76.39,77.31
1956,74.69,74.72,76.39,77.31,76.65
1957,74.72,76.39,77.31,76.65,75.88
1958,76.39,77.31,76.65,75.88,74.7
1959,77.31,76.65,75.88,74.7,73.42
1960,76.65,75.88,74.7,73.42,76.45
1961,75.88,74.7,73.42,76.45,80.24
1962,74.7,73.42,76.45,80.24,79.88
1963,73.42,76.45,80.24,79.88,78.63
1964,76.45,80.24,79.88,78.63,77.34
1965,80.24,79.88,78.63,77.34,75.89
1966,79.88,78.63,77.34,75.89,73.8
1967,78.63,77.34,75.89,73.8,72.14
1968,77.34,75.89,73.8,72.14,71.05
1969,75.89,73.8,72.14,71.05,71.99
1970,73.8,72.14,71.05,71.99,76.25
1971,72.14,71.05,71.99,76.25,78.43
1972,71.05,71.99,76.25,78.43,77.18
1973,71.99,76.25,78.43,77.18,74.99
1974,76.25,78.43,77.18,74.99,73.05
1975,78.43,77.18,74.99,73.05,72.36
1976,77.18,74.99,73.05,72.36,73.38
1977,74.99,73.05,72.36,73.38,74.85
1978,73.05,72.36,73.38,74.85,75.42
1979,72.36,73.38,74.85,75.42,75.45
1980,73.38,74.85,75.42,75.45,74.61
1981,74.85,75.42,75.45,74.61,72.42
1982,75.42,75.45,74.61,72.42,70.25
1983,75.45,74.61,72.42,70.25,69.27
1984,74.61,72.42,70.25,69.27,69.43
1985,72.42,70.25,69.27,69.43,70.35
1986,70.25,69.27,69.43,70.35,72.09
1987,69.27,69.43,70.35,72.09,74.45
1988,69.43,70.35,72.09,74.45,76.55
1989,70.35,72.09,74.45,76.55,78.46
1990,72.09,74.45,76.55,78.46,79.12
1991,74.45,76.55,78.46,79.12,78.79
1992,76.55,78.46,79.12,78.79,76.7
1993,78.46,79.12,78.79,76.7,74.98
1994,79.12,78.79,76.7,74.98,76.4
1995,78.79,76.7,74.98,76.4,78.15
1996,76.7,74.98,76.4,78.15,78.76
1997,74.98,76.4,78.15,78.76,78.95
1998,76.4,78.15,78.76,78.95,79.79
1999,78.15,78.76,78.95,79.79,80.96
